,hero_id,is_pick,match_id,ord,order,team
0,63,False,5490431444,0,0,Team Liquid
1,110,False,5490431444,1,1,Team Secret
2,126,False,5490431444,2,2,Team Liquid
3,106,False,5490431444,3,3,Team Secret
4,66,False,5490431444,4,4,Team Liquid
5,20,False,5490431444,5,5,Team Secret
6,58,False,5490431444,6,6,Team Liquid
7,111,False,5490431444,7,7,Team Secret
8,83,True,5490431444,8,8,Team Liquid
9,65,True,5490431444,9,9,Team Secret
10,107,True,5490431444,10,10,Team Secret
11,39,True,5490431444,11,11,Team Liquid
12,92,False,5490431444,12,12,Team Liquid
13,93,False,5490431444,13,13,Team Secret
14,13,True,5490431444,14,14,Team Secret
15,87,True,5490431444,15,15,Team Liquid
16,23,True,5490431444,16,16,Team Secret
17,80,True,5490431444,17,17,Team Liquid
18,102,False,5490431444,18,18,Team Secret
19,95,False,5490431444,19,19,Team Liquid
20,120,True,5490431444,20,20,Team Liquid
21,61,True,5490431444,21,21,Team Secret
22,106,False,5490337091,0,0,Team Secret
23,126,False,5490337091,1,1,Team Liquid
24,110,False,5490337091,2,2,Team Secret
25,63,False,5490337091,3,3,Team Liquid
26,20,False,5490337091,4,4,Team Secret
27,65,False,5490337091,5,5,Team Liquid
28,111,False,5490337091,6,6,Team Secret
29,13,False,5490337091,7,7,Team Liquid
30,7,True,5490337091,8,8,Team Secret
31,90,True,5490337091,9,9,Team Liquid
32,51,True,5490337091,10,10,Team Liquid
33,120,True,5490337091,11,11,Team Secret
34,4,False,5490337091,12,12,Team Secret
35,70,False,5490337091,13,13,Team Liquid
36,39,True,5490337091,14,14,Team Liquid
37,66,True,5490337091,15,15,Team Secret
38,99,True,5490337091,16,16,Team Liquid
39,10,True,5490337091,17,17,Team Secret
40,23,False,5490337091,18,18,Team Liquid
41,77,False,5490337091,19,19,Team Secret
42,53,True,5490337091,20,20,Team Secret
43,98,True,5490337091,21,21,Team Liquid
44,111,False,5488049930,0,0,Nigma
45,91,False,5488049930,1,1,Team Liquid
46,20,False,5488049930,2,2,Nigma
47,82,False,5488049930,3,3,Team Liquid
48,77,False,5488049930,4,4,Nigma
49,53,False,5488049930,5,5,Team Liquid
50,106,False,5488049930,6,6,Nigma
51,38,False,5488049930,7,7,Team Liquid
52,110,True,5488049930,8,8,Nigma
53,128,True,5488049930,9,9,Team Liquid
54,107,True,5488049930,10,10,Team Liquid
55,65,True,5488049930,11,11,Nigma
56,4,False,5488049930,12,12,Nigma
57,62,False,5488049930,13,13,Team Liquid
58,120,True,5488049930,14,14,Team Liquid
59,21,True,5488049930,15,15,Nigma
60,80,True,5488049930,16,16,Team Liquid
61,99,True,5488049930,17,17,Nigma
62,36,False,5488049930,18,18,Team Liquid
63,39,False,5488049930,19,19,Nigma
64,70,True,5488049930,20,20,Nigma
65,93,True,5488049930,21,21,Team Liquid
66,111,False,5487987325,0,0,Nigma
67,91,False,5487987325,1,1,Team Liquid
68,20,False,5487987325,2,2,Nigma
69,38,False,5487987325,3,3,Team Liquid
70,77,False,5487987325,4,4,Nigma
71,53,False,5487987325,5,5,Team Liquid
72,106,False,5487987325,6,6,Nigma
73,82,False,5487987325,7,7,Team Liquid
74,110,True,5487987325,8,8,Nigma
75,30,True,5487987325,9,9,Team Liquid
76,9,True,5487987325,10,10,Team Liquid
77,65,True,5487987325,11,11,Nigma
78,4,False,5487987325,12,12,Nigma
79,1,False,5487987325,13,13,Team Liquid
80,17,True,5487987325,14,14,Team Liquid
81,21,True,5487987325,15,15,Nigma
82,63,True,5487987325,16,16,Team Liquid
83,62,True,5487987325,17,17,Nigma
84,109,False,5487987325,18,18,Team Liquid
85,102,False,5487987325,19,19,Nigma
86,36,True,5487987325,20,20,Nigma
87,28,True,5487987325,21,21,Team Liquid
88,111,False,5487920183,0,0,Nigma
89,91,False,5487920183,1,1,Team Liquid
90,80,False,5487920183,2,2,Nigma
91,38,False,5487920183,3,3,Team Liquid
92,65,False,5487920183,4,4,Nigma
93,53,False,5487920183,5,5,Team Liquid
94,106,False,5487920183,6,6,Nigma
95,82,False,5487920183,7,7,Team Liquid
96,110,True,5487920183,8,8,Nigma
97,20,True,5487920183,9,9,Team Liquid
98,9,True,5487920183,10,10,Team Liquid
99,77,True,5487920183,11,11,Nigma
100,23,False,5487920183,12,12,Nigma
101,21,False,5487920183,13,13,Team Liquid
102,120,True,5487920183,14,14,Team Liquid
103,121,True,5487920183,15,15,Nigma
104,4,True,5487920183,16,16,Team Liquid
105,17,True,5487920183,17,17,Nigma
106,40,False,5487920183,18,18,Team Liquid
107,39,False,5487920183,19,19,Nigma
108,7,True,5487920183,20,20,Nigma
109,92,True,5487920183,21,21,Team Liquid
110,58,False,5487470903,0,0,Team Liquid
111,110,False,5487470903,1,1,Team Secret
112,126,False,5487470903,2,2,Team Liquid
113,106,False,5487470903,3,3,Team Secret
114,63,False,5487470903,4,4,Team Liquid
115,77,False,5487470903,5,5,Team Secret
116,120,False,5487470903,6,6,Team Liquid
117,111,False,5487470903,7,7,Team Secret
118,20,True,5487470903,8,8,Team Liquid
119,53,True,5487470903,9,9,Team Secret
120,7,True,5487470903,10,10,Team Secret
121,65,True,5487470903,11,11,Team Liquid
122,102,False,5487470903,12,12,Team Liquid
123,80,False,5487470903,13,13,Team Secret
124,13,True,5487470903,14,14,Team Secret
125,16,True,5487470903,15,15,Team Liquid
126,10,True,5487470903,16,16,Team Secret
127,4,True,5487470903,17,17,Team Liquid
128,92,False,5487470903,18,18,Team Secret
129,17,False,5487470903,19,19,Team Liquid
130,68,True,5487470903,20,20,Team Liquid
131,23,True,5487470903,21,21,Team Secret
132,110,False,5487382837,0,0,Team Secret
133,58,False,5487382837,1,1,Team Liquid
134,121,False,5487382837,2,2,Team Secret
135,126,False,5487382837,3,3,Team Liquid
136,106,False,5487382837,4,4,Team Secret
137,63,False,5487382837,5,5,Team Liquid
138,79,False,5487382837,6,6,Team Secret
139,36,False,5487382837,7,7,Team Liquid
140,53,True,5487382837,8,8,Team Secret
141,111,True,5487382837,9,9,Team Liquid
142,43,True,5487382837,10,10,Team Liquid
143,38,True,5487382837,11,11,Team Secret
144,23,False,5487382837,12,12,Team Secret
145,10,False,5487382837,13,13,Team Liquid
146,83,True,5487382837,14,14,Team Liquid
147,86,True,5487382837,15,15,Team Secret
148,120,True,5487382837,16,16,Team Liquid
149,70,True,5487382837,17,17,Team Secret
150,39,False,5487382837,18,18,Team Liquid
151,61,False,5487382837,19,19,Team Secret
152,20,True,5487382837,20,20,Team Secret
153,77,True,5487382837,21,21,Team Liquid
154,105,False,5482517767,0,0,Team Liquid
155,79,False,5482517767,1,1,Virtus.pro
156,83,False,5482517767,2,2,Team Liquid
157,106,False,5482517767,3,3,Virtus.pro
158,53,False,5482517767,4,4,Team Liquid
159,39,False,5482517767,5,5,Virtus.pro
160,77,False,5482517767,6,6,Team Liquid
161,110,False,5482517767,7,7,Virtus.pro
162,111,True,5482517767,8,8,Team Liquid
163,38,True,5482517767,9,9,Virtus.pro
164,7,True,5482517767,10,10,Virtus.pro
165,126,True,5482517767,11,11,Team Liquid
166,48,False,5482517767,12,12,Team Liquid
167,43,False,5482517767,13,13,Virtus.pro
168,58,True,5482517767,14,14,Virtus.pro
169,86,True,5482517767,15,15,Team Liquid
170,1,True,5482517767,16,16,Virtus.pro
171,59,True,5482517767,17,17,Team Liquid
172,28,False,5482517767,18,18,Virtus.pro
173,47,False,5482517767,19,19,Team Liquid
174,2,True,5482517767,20,20,Team Liquid
175,25,True,5482517767,21,21,Virtus.pro
176,110,False,5482451181,0,0,Virtus.pro
177,105,False,5482451181,1,1,Team Liquid
178,111,False,5482451181,2,2,Virtus.pro
179,83,False,5482451181,3,3,Team Liquid
180,38,False,5482451181,4,4,Virtus.pro
181,53,False,5482451181,5,5,Team Liquid
182,49,False,5482451181,6,6,Virtus.pro
183,106,False,5482451181,7,7,Team Liquid
184,39,True,5482451181,8,8,Virtus.pro
185,20,True,5482451181,9,9,Team Liquid
186,48,True,5482451181,10,10,Team Liquid
187,79,True,5482451181,11,11,Virtus.pro
188,61,False,5482451181,12,12,Virtus.pro
189,129,False,5482451181,13,13,Team Liquid
190,107,True,5482451181,14,14,Team Liquid
191,7,True,5482451181,15,15,Virtus.pro
192,80,True,5482451181,16,16,Team Liquid
193,77,True,5482451181,17,17,Virtus.pro
194,43,False,5482451181,18,18,Team Liquid
195,65,False,5482451181,19,19,Virtus.pro
196,10,True,5482451181,20,20,Virtus.pro
197,13,True,5482451181,21,21,Team Liquid
198,80,False,5479284451,0,0,FlyToMoon
199,65,False,5479284451,1,1,Team Liquid
200,77,False,5479284451,2,2,FlyToMoon
201,38,False,5479284451,3,3,Team Liquid
202,43,False,5479284451,4,4,FlyToMoon
203,53,False,5479284451,5,5,Team Liquid
204,79,False,5479284451,6,6,FlyToMoon
205,86,False,5479284451,7,7,Team Liquid
206,110,True,5479284451,8,8,FlyToMoon
207,106,True,5479284451,9,9,Team Liquid
208,90,True,5479284451,10,10,Team Liquid
209,129,True,5479284451,11,11,FlyToMoon
210,61,False,5479284451,12,12,FlyToMoon
211,3,False,5479284451,13,13,Team Liquid
212,9,True,5479284451,14,14,Team Liquid
213,111,True,5479284451,15,15,FlyToMoon
214,28,True,5479284451,16,16,Team Liquid
215,48,True,5479284451,17,17,FlyToMoon
216,39,False,5479284451,18,18,Team Liquid
217,92,False,5479284451,19,19,FlyToMoon
218,49,True,5479284451,20,20,FlyToMoon
219,46,True,5479284451,21,21,Team Liquid
220,65,False,5479162387,0,0,Team Liquid
221,77,False,5479162387,1,1,FlyToMoon
222,38,False,5479162387,2,2,Team Liquid
223,106,False,5479162387,3,3,FlyToMoon
224,43,False,5479162387,4,4,Team Liquid
225,110,False,5479162387,5,5,FlyToMoon
226,53,False,5479162387,6,6,Team Liquid
227,80,False,5479162387,7,7,FlyToMoon
228,79,True,5479162387,8,8,Team Liquid
229,86,True,5479162387,9,9,FlyToMoon
230,39,True,5479162387,10,10,FlyToMoon
231,129,True,5479162387,11,11,Team Liquid
232,120,False,5479162387,12,12,Team Liquid
233,92,False,5479162387,13,13,FlyToMoon
234,85,True,5479162387,14,14,FlyToMoon
235,20,True,5479162387,15,15,Team Liquid
236,10,True,5479162387,16,16,FlyToMoon
237,12,True,5479162387,17,17,Team Liquid
238,126,False,5479162387,18,18,FlyToMoon
239,98,False,5479162387,19,19,Team Liquid
240,9,True,5479162387,20,20,Team Liquid
241,23,True,5479162387,21,21,FlyToMoon
242,92,False,5475473076,0,0,Team Empire
243,38,False,5475473076,1,1,Team Liquid
244,110,False,5475473076,2,2,Team Empire
245,53,False,5475473076,3,3,Team Liquid
246,77,False,5475473076,4,4,Team Empire
247,66,False,5475473076,5,5,Team Liquid
248,79,False,5475473076,6,6,Team Empire
249,49,False,5475473076,7,7,Team Liquid
250,43,True,5475473076,8,8,Team Empire
251,106,True,5475473076,9,9,Team Liquid
252,90,True,5475473076,10,10,Team Liquid
253,111,True,5475473076,11,11,Team Empire
254,88,False,5475473076,12,12,Team Empire
255,48,False,5475473076,13,13,Team Liquid
256,51,True,5475473076,14,14,Team Liquid
257,119,True,5475473076,15,15,Team Empire
258,120,True,5475473076,16,16,Team Liquid
259,10,True,5475473076,17,17,Team Empire
260,65,False,5475473076,18,18,Team Liquid
261,61,False,5475473076,19,19,Team Empire
262,32,True,5475473076,20,20,Team Empire
263,46,True,5475473076,21,21,Team Liquid
264,66,False,5475404334,0,0,Team Liquid
265,92,False,5475404334,1,1,Team Empire
266,38,False,5475404334,2,2,Team Liquid
267,110,False,5475404334,3,3,Team Empire
268,53,False,5475404334,4,4,Team Liquid
269,77,False,5475404334,5,5,Team Empire
270,49,False,5475404334,6,6,Team Liquid
271,79,False,5475404334,7,7,Team Empire
272,106,True,5475404334,8,8,Team Liquid
273,43,True,5475404334,9,9,Team Empire
274,111,True,5475404334,10,10,Team Empire
275,90,True,5475404334,11,11,Team Liquid
276,95,False,5475404334,12,12,Team Liquid
277,94,False,5475404334,13,13,Team Empire
278,88,True,5475404334,14,14,Team Empire
279,51,True,5475404334,15,15,Team Liquid
280,48,True,5475404334,16,16,Team Empire
281,9,True,5475404334,17,17,Team Liquid
282,12,False,5475404334,18,18,Team Empire
283,23,False,5475404334,19,19,Team Liquid
284,61,True,5475404334,20,20,Team Liquid
285,98,True,5475404334,21,21,Team Empire
286,92,False,5475338534,0,0,Team Empire
287,66,False,5475338534,1,1,Team Liquid
288,110,False,5475338534,2,2,Team Empire
289,43,False,5475338534,3,3,Team Liquid
290,77,False,5475338534,4,4,Team Empire
291,49,False,5475338534,5,5,Team Liquid
292,39,False,5475338534,6,6,Team Empire
293,38,False,5475338534,7,7,Team Liquid
294,53,True,5475338534,8,8,Team Empire
295,121,True,5475338534,9,9,Team Liquid
296,63,True,5475338534,10,10,Team Liquid
297,86,True,5475338534,11,11,Team Empire
298,80,False,5475338534,12,12,Team Empire
299,70,False,5475338534,13,13,Team Liquid
300,20,True,5475338534,14,14,Team Liquid
301,58,True,5475338534,15,15,Team Empire
302,48,True,5475338534,16,16,Team Liquid
303,67,True,5475338534,17,17,Team Empire
304,106,False,5475338534,18,18,Team Liquid
305,61,False,5475338534,19,19,Team Empire
306,17,True,5475338534,20,20,Team Empire
307,65,True,5475338534,21,21,Team Liquid
308,77,False,5474238953,0,0,Alliance
309,43,False,5474238953,1,1,Team Liquid
310,106,False,5474238953,2,2,Alliance
311,38,False,5474238953,3,3,Team Liquid
312,79,False,5474238953,4,4,Alliance
313,49,False,5474238953,5,5,Team Liquid
314,111,False,5474238953,6,6,Alliance
315,7,False,5474238953,7,7,Team Liquid
316,20,True,5474238953,8,8,Alliance
317,110,True,5474238953,9,9,Team Liquid
318,2,True,5474238953,10,10,Team Liquid
319,9,True,5474238953,11,11,Alliance
320,61,False,5474238953,12,12,Alliance
321,4,False,5474238953,13,13,Team Liquid
322,30,True,5474238953,14,14,Team Liquid
323,87,True,5474238953,15,15,Alliance
324,80,True,5474238953,16,16,Team Liquid
325,72,True,5474238953,17,17,Alliance
326,36,False,5474238953,18,18,Team Liquid
327,126,False,5474238953,19,19,Alliance
328,112,True,5474238953,20,20,Alliance
329,67,True,5474238953,21,21,Team Liquid
330,43,False,5474154715,0,0,Team Liquid
331,77,False,5474154715,1,1,Alliance
332,38,False,5474154715,2,2,Team Liquid
333,79,False,5474154715,3,3,Alliance
334,49,False,5474154715,4,4,Team Liquid
335,80,False,5474154715,5,5,Alliance
336,7,False,5474154715,6,6,Team Liquid
337,106,False,5474154715,7,7,Alliance
338,110,True,5474154715,8,8,Team Liquid
339,111,True,5474154715,9,9,Alliance
340,107,True,5474154715,10,10,Alliance
341,129,True,5474154715,11,11,Team Liquid
342,8,False,5474154715,12,12,Team Liquid
343,10,False,5474154715,13,13,Alliance
344,39,True,5474154715,14,14,Alliance
345,20,True,5474154715,15,15,Team Liquid
346,65,True,5474154715,16,16,Alliance
347,63,True,5474154715,17,17,Team Liquid
348,61,False,5474154715,18,18,Alliance
349,4,False,5474154715,19,19,Team Liquid
350,9,True,5474154715,20,20,Team Liquid
351,41,True,5474154715,21,21,Alliance
352,77,False,5472760313,0,0,Team Liquid
353,110,False,5472760313,1,1,Ninjas in Pyjamas
354,79,False,5472760313,2,2,Team Liquid
355,121,False,5472760313,3,3,Ninjas in Pyjamas
356,53,False,5472760313,4,4,Team Liquid
357,106,False,5472760313,5,5,Ninjas in Pyjamas
358,38,False,5472760313,6,6,Team Liquid
359,20,False,5472760313,7,7,Ninjas in Pyjamas
360,111,True,5472760313,8,8,Team Liquid
361,49,True,5472760313,9,9,Ninjas in Pyjamas
362,33,True,5472760313,10,10,Ninjas in Pyjamas
363,59,True,5472760313,11,11,Team Liquid
364,68,False,5472760313,12,12,Team Liquid
365,65,False,5472760313,13,13,Ninjas in Pyjamas
366,30,True,5472760313,14,14,Ninjas in Pyjamas
367,51,True,5472760313,15,15,Team Liquid
368,47,True,5472760313,16,16,Ninjas in Pyjamas
369,45,True,5472760313,17,17,Team Liquid
370,15,False,5472760313,18,18,Ninjas in Pyjamas
371,95,False,5472760313,19,19,Team Liquid
372,9,True,5472760313,20,20,Team Liquid
373,81,True,5472760313,21,21,Ninjas in Pyjamas
374,77,False,5472683811,0,0,Team Liquid
375,110,False,5472683811,1,1,Ninjas in Pyjamas
376,79,False,5472683811,2,2,Team Liquid
377,121,False,5472683811,3,3,Ninjas in Pyjamas
378,53,False,5472683811,4,4,Team Liquid
379,80,False,5472683811,5,5,Ninjas in Pyjamas
380,38,False,5472683811,6,6,Team Liquid
381,106,False,5472683811,7,7,Ninjas in Pyjamas
382,20,True,5472683811,8,8,Team Liquid
383,49,True,5472683811,9,9,Ninjas in Pyjamas
384,58,True,5472683811,10,10,Ninjas in Pyjamas
385,48,True,5472683811,11,11,Team Liquid
386,70,False,5472683811,12,12,Team Liquid
387,86,False,5472683811,13,13,Ninjas in Pyjamas
388,33,True,5472683811,14,14,Ninjas in Pyjamas
389,7,True,5472683811,15,15,Team Liquid
390,51,True,5472683811,16,16,Ninjas in Pyjamas
391,65,True,5472683811,17,17,Team Liquid
392,43,False,5472683811,18,18,Ninjas in Pyjamas
393,39,False,5472683811,19,19,Team Liquid
394,15,True,5472683811,20,20,Team Liquid
395,109,True,5472683811,21,21,Ninjas in Pyjamas
396,110,False,5472581443,0,0,Ninjas in Pyjamas
397,79,False,5472581443,1,1,Team Liquid
398,49,False,5472581443,2,2,Ninjas in Pyjamas
399,77,False,5472581443,3,3,Team Liquid
400,80,False,5472581443,4,4,Ninjas in Pyjamas
401,53,False,5472581443,5,5,Team Liquid
402,106,False,5472581443,6,6,Ninjas in Pyjamas
403,66,False,5472581443,7,7,Team Liquid
404,7,True,5472581443,8,8,Ninjas in Pyjamas
405,111,True,5472581443,9,9,Team Liquid
406,43,True,5472581443,10,10,Team Liquid
407,68,True,5472581443,11,11,Ninjas in Pyjamas
408,38,False,5472581443,12,12,Ninjas in Pyjamas
409,10,False,5472581443,13,13,Team Liquid
410,33,True,5472581443,14,14,Team Liquid
411,39,True,5472581443,15,15,Ninjas in Pyjamas
412,126,True,5472581443,16,16,Team Liquid
413,69,True,5472581443,17,17,Ninjas in Pyjamas
414,70,False,5472581443,18,18,Team Liquid
415,47,False,5472581443,19,19,Ninjas in Pyjamas
416,67,True,5472581443,20,20,Ninjas in Pyjamas
417,61,True,5472581443,21,21,Team Liquid
418,91,False,5467338855,0,0,Team Liquid
419,77,False,5467338855,1,1,Nigma
420,38,False,5467338855,2,2,Team Liquid
421,79,False,5467338855,3,3,Nigma
422,53,False,5467338855,4,4,Team Liquid
423,106,False,5467338855,5,5,Nigma
424,9,False,5467338855,6,6,Team Liquid
425,110,False,5467338855,7,7,Nigma
426,39,True,5467338855,8,8,Team Liquid
427,20,True,5467338855,9,9,Nigma
428,48,True,5467338855,10,10,Nigma
429,86,True,5467338855,11,11,Team Liquid
430,92,False,5467338855,12,12,Team Liquid
431,80,False,5467338855,13,13,Nigma
432,90,True,5467338855,14,14,Nigma
433,96,True,5467338855,15,15,Team Liquid
434,49,True,5467338855,16,16,Nigma
435,112,True,5467338855,17,17,Team Liquid
436,43,False,5467338855,18,18,Nigma
437,74,False,5467338855,19,19,Team Liquid
438,4,True,5467338855,20,20,Team Liquid
439,65,True,5467338855,21,21,Nigma
440,77,False,5467243363,0,0,Nigma
441,91,False,5467243363,1,1,Team Liquid
442,110,False,5467243363,2,2,Nigma
443,38,False,5467243363,3,3,Team Liquid
444,79,False,5467243363,4,4,Nigma
445,53,False,5467243363,5,5,Team Liquid
446,80,False,5467243363,6,6,Nigma
447,106,False,5467243363,7,7,Team Liquid
448,39,True,5467243363,8,8,Nigma
449,49,True,5467243363,9,9,Team Liquid
450,9,True,5467243363,10,10,Team Liquid
451,30,True,5467243363,11,11,Nigma
452,20,False,5467243363,12,12,Nigma
453,47,False,5467243363,13,13,Team Liquid
454,111,True,5467243363,14,14,Team Liquid
455,51,True,5467243363,15,15,Nigma
456,107,True,5467243363,16,16,Team Liquid
457,82,True,5467243363,17,17,Nigma
458,48,False,5467243363,18,18,Team Liquid
459,59,False,5467243363,19,19,Nigma
460,66,True,5467243363,20,20,Nigma
461,11,True,5467243363,21,21,Team Liquid
462,91,False,5467135969,0,0,Team Liquid
463,77,False,5467135969,1,1,Nigma
464,38,False,5467135969,2,2,Team Liquid
465,106,False,5467135969,3,3,Nigma
466,53,False,5467135969,4,4,Team Liquid
467,39,False,5467135969,5,5,Nigma
468,9,False,5467135969,6,6,Team Liquid
469,79,False,5467135969,7,7,Nigma
470,110,True,5467135969,8,8,Team Liquid
471,107,True,5467135969,9,9,Nigma
472,63,True,5467135969,10,10,Nigma
473,2,True,5467135969,11,11,Team Liquid
474,48,False,5467135969,12,12,Team Liquid
475,80,False,5467135969,13,13,Nigma
476,111,True,5467135969,14,14,Nigma
477,20,True,5467135969,15,15,Team Liquid
478,95,True,5467135969,16,16,Nigma
479,15,True,5467135969,17,17,Team Liquid
480,10,False,5467135969,18,18,Nigma
481,65,False,5467135969,19,19,Team Liquid
482,4,True,5467135969,20,20,Team Liquid
483,74,True,5467135969,21,21,Nigma
484,77,False,5465920618,0,0,Alliance
485,38,False,5465920618,1,1,Team Liquid
486,79,False,5465920618,2,2,Alliance
487,43,False,5465920618,3,3,Team Liquid
488,110,False,5465920618,4,4,Alliance
489,49,False,5465920618,5,5,Team Liquid
490,61,False,5465920618,6,6,Alliance
491,7,False,5465920618,7,7,Team Liquid
492,20,True,5465920618,8,8,Alliance
493,106,True,5465920618,9,9,Team Liquid
494,90,True,5465920618,10,10,Team Liquid
495,36,True,5465920618,11,11,Alliance
496,39,False,5465920618,12,12,Alliance
497,63,False,5465920618,13,13,Team Liquid
498,107,True,5465920618,14,14,Team Liquid
499,111,True,5465920618,15,15,Alliance
500,92,True,5465920618,16,16,Team Liquid
501,23,True,5465920618,17,17,Alliance
502,95,False,5465920618,18,18,Team Liquid
503,33,False,5465920618,19,19,Alliance
504,48,True,5465920618,20,20,Alliance
505,9,True,5465920618,21,21,Team Liquid
506,77,False,5465838313,0,0,Alliance
507,49,False,5465838313,1,1,Team Liquid
508,79,False,5465838313,2,2,Alliance
509,38,False,5465838313,3,3,Team Liquid
510,61,False,5465838313,4,4,Alliance
511,43,False,5465838313,5,5,Team Liquid
512,121,False,5465838313,6,6,Alliance
513,53,False,5465838313,7,7,Team Liquid
514,7,True,5465838313,8,8,Alliance
515,110,True,5465838313,9,9,Team Liquid
516,2,True,5465838313,10,10,Team Liquid
517,39,True,5465838313,11,11,Alliance
518,106,False,5465838313,12,12,Alliance
519,36,False,5465838313,13,13,Team Liquid
520,86,True,5465838313,14,14,Team Liquid
521,58,True,5465838313,15,15,Alliance
522,48,True,5465838313,16,16,Team Liquid
523,70,True,5465838313,17,17,Alliance
524,23,False,5465838313,18,18,Team Liquid
525,80,False,5465838313,19,19,Alliance
526,78,True,5465838313,20,20,Alliance
527,92,True,5465838313,21,21,Team Liquid
528,77,False,5462574971,0,0,Nigma
529,53,False,5462574971,1,1,Team Liquid
530,79,False,5462574971,2,2,Nigma
531,38,False,5462574971,3,3,Team Liquid
532,49,False,5462574971,4,4,Nigma
533,91,False,5462574971,5,5,Team Liquid
534,80,False,5462574971,6,6,Nigma
535,106,False,5462574971,7,7,Team Liquid
536,39,True,5462574971,8,8,Nigma
537,111,True,5462574971,9,9,Team Liquid
538,43,True,5462574971,10,10,Team Liquid
539,20,True,5462574971,11,11,Nigma
540,107,False,5462574971,12,12,Nigma
541,110,False,5462574971,13,13,Team Liquid
542,83,True,5462574971,14,14,Team Liquid
543,51,True,5462574971,15,15,Nigma
544,52,True,5462574971,16,16,Team Liquid
545,92,True,5462574971,17,17,Nigma
546,98,False,5462574971,18,18,Team Liquid
547,61,False,5462574971,19,19,Nigma
548,10,True,5462574971,20,20,Nigma
549,12,True,5462574971,21,21,Team Liquid
550,77,False,5462470225,0,0,Nigma
551,53,False,5462470225,1,1,Team Liquid
552,79,False,5462470225,2,2,Nigma
553,38,False,5462470225,3,3,Team Liquid
554,110,False,5462470225,4,4,Nigma
555,91,False,5462470225,5,5,Team Liquid
556,49,False,5462470225,6,6,Nigma
557,74,False,5462470225,7,7,Team Liquid
558,106,True,5462470225,8,8,Nigma
559,39,True,5462470225,9,9,Team Liquid
560,90,True,5462470225,10,10,Team Liquid
561,9,True,5462470225,11,11,Nigma
562,99,False,5462470225,12,12,Nigma
563,47,False,5462470225,13,13,Team Liquid
564,107,True,5462470225,14,14,Team Liquid
565,30,True,5462470225,15,15,Nigma
566,43,True,5462470225,16,16,Team Liquid
567,67,True,5462470225,17,17,Nigma
568,16,False,5462470225,18,18,Team Liquid
569,61,False,5462470225,19,19,Nigma
570,55,True,5462470225,20,20,Nigma
571,80,True,5462470225,21,21,Team Liquid
572,53,False,5462382242,0,0,Team Liquid
573,39,False,5462382242,1,1,Nigma
574,91,False,5462382242,2,2,Team Liquid
575,79,False,5462382242,3,3,Nigma
576,49,False,5462382242,4,4,Team Liquid
577,106,False,5462382242,5,5,Nigma
578,47,False,5462382242,6,6,Team Liquid
579,77,False,5462382242,7,7,Nigma
580,121,True,5462382242,8,8,Team Liquid
581,9,True,5462382242,9,9,Nigma
582,38,True,5462382242,10,10,Nigma
583,126,True,5462382242,11,11,Team Liquid
584,20,False,5462382242,12,12,Team Liquid
585,99,False,5462382242,13,13,Nigma
586,66,True,5462382242,14,14,Nigma
587,112,True,5462382242,15,15,Team Liquid
588,32,True,5462382242,16,16,Nigma
589,98,True,5462382242,17,17,Team Liquid
590,10,False,5462382242,18,18,Nigma
591,36,False,5462382242,19,19,Team Liquid
592,80,True,5462382242,20,20,Team Liquid
593,65,True,5462382242,21,21,Nigma
594,53,False,5453872903,0,0,Team Liquid
595,77,False,5453872903,1,1,Nigma
596,91,False,5453872903,2,2,Team Liquid
597,106,False,5453872903,3,3,Nigma
598,7,False,5453872903,4,4,Team Liquid
599,79,False,5453872903,5,5,Nigma
600,49,False,5453872903,6,6,Team Liquid
601,39,False,5453872903,7,7,Nigma
602,58,True,5453872903,8,8,Team Liquid
603,9,True,5453872903,9,9,Nigma
604,16,True,5453872903,10,10,Nigma
605,86,True,5453872903,11,11,Team Liquid
606,82,False,5453872903,12,12,Team Liquid
607,10,False,5453872903,13,13,Nigma
608,30,True,5453872903,14,14,Nigma
609,102,True,5453872903,15,15,Team Liquid
610,47,True,5453872903,16,16,Nigma
611,56,True,5453872903,17,17,Team Liquid
612,4,False,5453872903,18,18,Nigma
613,12,False,5453872903,19,19,Team Liquid
614,96,True,5453872903,20,20,Team Liquid
615,67,True,5453872903,21,21,Nigma
616,43,False,5450581495,0,0,Team Liquid
617,110,False,5450581495,1,1,HellRaisers
618,65,False,5450581495,2,2,Team Liquid
619,79,False,5450581495,3,3,HellRaisers
620,98,False,5450581495,4,4,Team Liquid
621,106,False,5450581495,5,5,HellRaisers
622,49,False,5450581495,6,6,Team Liquid
623,77,False,5450581495,7,7,HellRaisers
624,121,True,5450581495,8,8,Team Liquid
625,120,True,5450581495,9,9,HellRaisers
626,53,True,5450581495,10,10,HellRaisers
627,126,True,5450581495,11,11,Team Liquid
628,39,False,5450581495,12,12,Team Liquid
629,80,False,5450581495,13,13,HellRaisers
630,30,True,5450581495,14,14,HellRaisers
631,63,True,5450581495,15,15,Team Liquid
632,114,True,5450581495,16,16,HellRaisers
633,107,True,5450581495,17,17,Team Liquid
634,17,False,5450581495,18,18,HellRaisers
635,46,False,5450581495,19,19,Team Liquid
636,11,True,5450581495,20,20,Team Liquid
637,28,True,5450581495,21,21,HellRaisers
638,65,False,5450485396,0,0,Team Liquid
639,110,False,5450485396,1,1,HellRaisers
640,43,False,5450485396,2,2,Team Liquid
641,79,False,5450485396,3,3,HellRaisers
642,98,False,5450485396,4,4,Team Liquid
643,106,False,5450485396,5,5,HellRaisers
644,49,False,5450485396,6,6,Team Liquid
645,77,False,5450485396,7,7,HellRaisers
646,39,True,5450485396,8,8,Team Liquid
647,121,True,5450485396,9,9,HellRaisers
648,120,True,5450485396,10,10,HellRaisers
649,7,True,5450485396,11,11,Team Liquid
650,32,False,5450485396,12,12,Team Liquid
651,80,False,5450485396,13,13,HellRaisers
652,53,True,5450485396,14,14,HellRaisers
653,30,True,5450485396,15,15,Team Liquid
654,63,True,5450485396,16,16,HellRaisers
655,36,True,5450485396,17,17,Team Liquid
656,23,False,5450485396,18,18,HellRaisers
657,40,False,5450485396,19,19,Team Liquid
658,41,True,5450485396,20,20,Team Liquid
659,74,True,5450485396,21,21,HellRaisers
660,65,False,5450379602,0,0,Team Liquid
661,110,False,5450379602,1,1,HellRaisers
662,43,False,5450379602,2,2,Team Liquid
663,79,False,5450379602,3,3,HellRaisers
664,120,False,5450379602,4,4,Team Liquid
665,80,False,5450379602,5,5,HellRaisers
666,98,False,5450379602,6,6,Team Liquid
667,106,False,5450379602,7,7,HellRaisers
668,121,True,5450379602,8,8,Team Liquid
669,111,True,5450379602,9,9,HellRaisers
670,49,True,5450379602,10,10,HellRaisers
671,77,True,5450379602,11,11,Team Liquid
672,29,False,5450379602,12,12,Team Liquid
673,86,False,5450379602,13,13,HellRaisers
674,7,True,5450379602,14,14,HellRaisers
675,30,True,5450379602,15,15,Team Liquid
676,63,True,5450379602,16,16,HellRaisers
677,28,True,5450379602,17,17,Team Liquid
678,114,False,5450379602,18,18,HellRaisers
679,23,False,5450379602,19,19,Team Liquid
680,39,True,5450379602,20,20,Team Liquid
681,95,True,5450379602,21,21,HellRaisers
682,53,False,5446735849,0,0,Team Liquid
683,77,False,5446735849,1,1,Natus Vincere
684,43,False,5446735849,2,2,Team Liquid
685,49,False,5446735849,3,3,Natus Vincere
686,58,False,5446735849,4,4,Team Liquid
687,110,False,5446735849,5,5,Natus Vincere
688,38,False,5446735849,6,6,Team Liquid
689,106,False,5446735849,7,7,Natus Vincere
690,79,True,5446735849,8,8,Team Liquid
691,39,True,5446735849,9,9,Natus Vincere
692,86,True,5446735849,10,10,Natus Vincere
693,80,True,5446735849,11,11,Team Liquid
694,12,False,5446735849,12,12,Team Liquid
695,65,False,5446735849,13,13,Natus Vincere
696,83,True,5446735849,14,14,Natus Vincere
697,102,True,5446735849,15,15,Team Liquid
698,10,True,5446735849,16,16,Natus Vincere
699,129,True,5446735849,17,17,Team Liquid
700,13,False,5446735849,18,18,Natus Vincere
701,23,False,5446735849,19,19,Team Liquid
702,9,True,5446735849,20,20,Team Liquid
703,98,True,5446735849,21,21,Natus Vincere
704,126,False,5446579683,0,0,Natus Vincere
705,53,False,5446579683,1,1,Team Liquid
706,36,False,5446579683,2,2,Natus Vincere
707,43,False,5446579683,3,3,Team Liquid
708,49,False,5446579683,4,4,Natus Vincere
709,58,False,5446579683,5,5,Team Liquid
710,39,False,5446579683,6,6,Natus Vincere
711,106,False,5446579683,7,7,Team Liquid
712,110,True,5446579683,8,8,Natus Vincere
713,79,True,5446579683,9,9,Team Liquid
714,96,True,5446579683,10,10,Team Liquid
715,2,True,5446579683,11,11,Natus Vincere
716,48,False,5446579683,12,12,Natus Vincere
717,77,False,5446579683,13,13,Team Liquid
718,20,True,5446579683,14,14,Team Liquid
719,3,True,5446579683,15,15,Natus Vincere
720,80,True,5446579683,16,16,Team Liquid
721,12,True,5446579683,17,17,Natus Vincere
722,98,False,5446579683,18,18,Team Liquid
723,114,False,5446579683,19,19,Natus Vincere
724,23,True,5446579683,20,20,Natus Vincere
725,17,True,5446579683,21,21,Team Liquid
726,126,False,5446429838,0,0,Natus Vincere
727,53,False,5446429838,1,1,Team Liquid
728,39,False,5446429838,2,2,Natus Vincere
729,43,False,5446429838,3,3,Team Liquid
730,49,False,5446429838,4,4,Natus Vincere
731,58,False,5446429838,5,5,Team Liquid
732,80,False,5446429838,6,6,Natus Vincere
733,110,False,5446429838,7,7,Team Liquid
734,106,True,5446429838,8,8,Natus Vincere
735,3,True,5446429838,9,9,Team Liquid
736,36,True,5446429838,10,10,Team Liquid
737,121,True,5446429838,11,11,Natus Vincere
738,114,False,5446429838,12,12,Natus Vincere
739,38,False,5446429838,13,13,Team Liquid
740,86,True,5446429838,14,14,Team Liquid
741,83,True,5446429838,15,15,Natus Vincere
742,48,True,5446429838,16,16,Team Liquid
743,77,True,5446429838,17,17,Natus Vincere
744,65,False,5446429838,18,18,Team Liquid
745,98,False,5446429838,19,19,Natus Vincere
746,45,True,5446429838,20,20,Natus Vincere
747,29,True,5446429838,21,21,Team Liquid
748,77,False,5444494373,0,0,Nigma
749,91,False,5444494373,1,1,Team Liquid
750,110,False,5444494373,2,2,Nigma
751,53,False,5444494373,3,3,Team Liquid
752,80,False,5444494373,4,4,Nigma
753,106,False,5444494373,5,5,Team Liquid
754,79,False,5444494373,6,6,Nigma
755,58,False,5444494373,7,7,Team Liquid
756,39,True,5444494373,8,8,Nigma
757,49,True,5444494373,9,9,Team Liquid
758,121,True,5444494373,10,10,Team Liquid
759,107,True,5444494373,11,11,Nigma
760,33,False,5444494373,12,12,Nigma
761,82,False,5444494373,13,13,Team Liquid
762,86,True,5444494373,14,14,Team Liquid
763,20,True,5444494373,15,15,Nigma
764,78,True,5444494373,16,16,Team Liquid
765,47,True,5444494373,17,17,Nigma
766,48,False,5444494373,18,18,Team Liquid
767,61,False,5444494373,19,19,Nigma
768,43,True,5444494373,20,20,Nigma
769,113,True,5444494373,21,21,Team Liquid
770,77,False,5444388252,0,0,Nigma
771,53,False,5444388252,1,1,Team Liquid
772,80,False,5444388252,2,2,Nigma
773,91,False,5444388252,3,3,Team Liquid
774,110,False,5444388252,4,4,Nigma
775,106,False,5444388252,5,5,Team Liquid
776,79,False,5444388252,6,6,Nigma
777,58,False,5444388252,7,7,Team Liquid
778,39,True,5444388252,8,8,Nigma
779,49,True,5444388252,9,9,Team Liquid
780,111,True,5444388252,10,10,Team Liquid
781,107,True,5444388252,11,11,Nigma
782,33,False,5444388252,12,12,Nigma
783,38,False,5444388252,13,13,Team Liquid
784,21,True,5444388252,14,14,Team Liquid
785,20,True,5444388252,15,15,Nigma
786,100,True,5444388252,16,16,Team Liquid
787,48,True,5444388252,17,17,Nigma
788,47,False,5444388252,18,18,Team Liquid
789,59,False,5444388252,19,19,Nigma
790,82,True,5444388252,20,20,Nigma
791,97,True,5444388252,21,21,Team Liquid
792,77,False,5444178849,0,0,Nigma
793,53,False,5444178849,1,1,Team Liquid
794,80,False,5444178849,2,2,Nigma
795,91,False,5444178849,3,3,Team Liquid
796,79,False,5444178849,4,4,Nigma
797,58,False,5444178849,5,5,Team Liquid
798,110,False,5444178849,6,6,Nigma
799,66,False,5444178849,7,7,Team Liquid
800,106,True,5444178849,8,8,Nigma
801,3,True,5444178849,9,9,Team Liquid
802,39,True,5444178849,10,10,Team Liquid
803,90,True,5444178849,11,11,Nigma
804,86,False,5444178849,12,12,Nigma
805,62,False,5444178849,13,13,Team Liquid
806,83,True,5444178849,14,14,Team Liquid
807,102,True,5444178849,15,15,Nigma
808,10,True,5444178849,16,16,Team Liquid
809,38,True,5444178849,17,17,Nigma
810,92,False,5444178849,18,18,Team Liquid
811,46,False,5444178849,19,19,Nigma
812,25,True,5444178849,20,20,Nigma
813,98,True,5444178849,21,21,Team Liquid
814,98,False,5442345688,0,0,Team Liquid
815,77,False,5442345688,1,1,Team Unique
816,53,False,5442345688,2,2,Team Liquid
817,58,False,5442345688,3,3,Team Unique
818,43,False,5442345688,4,4,Team Liquid
819,106,False,5442345688,5,5,Team Unique
820,83,False,5442345688,6,6,Team Liquid
821,38,False,5442345688,7,7,Team Unique
822,110,True,5442345688,8,8,Team Liquid
823,128,True,5442345688,9,9,Team Unique
824,39,True,5442345688,10,10,Team Unique
825,86,True,5442345688,11,11,Team Liquid
826,72,False,5442345688,12,12,Team Liquid
827,80,False,5442345688,13,13,Team Unique
828,100,True,5442345688,14,14,Team Unique
829,102,True,5442345688,15,15,Team Liquid
830,33,True,5442345688,16,16,Team Unique
831,20,True,5442345688,17,17,Team Liquid
832,46,False,5442345688,18,18,Team Unique
833,95,False,5442345688,19,19,Team Liquid
834,11,True,5442345688,20,20,Team Liquid
835,70,True,5442345688,21,21,Team Unique
836,58,False,5442130802,0,0,Team Unique
837,53,False,5442130802,1,1,Team Liquid
838,106,False,5442130802,2,2,Team Unique
839,43,False,5442130802,3,3,Team Liquid
840,129,False,5442130802,4,4,Team Unique
841,98,False,5442130802,5,5,Team Liquid
842,38,False,5442130802,6,6,Team Unique
843,65,False,5442130802,7,7,Team Liquid
844,83,True,5442130802,8,8,Team Unique
845,2,True,5442130802,9,9,Team Liquid
846,110,True,5442130802,10,10,Team Liquid
847,128,True,5442130802,11,11,Team Unique
848,80,False,5442130802,12,12,Team Unique
849,49,False,5442130802,13,13,Team Liquid
850,121,True,5442130802,14,14,Team Liquid
851,72,True,5442130802,15,15,Team Unique
852,126,True,5442130802,16,16,Team Liquid
853,39,True,5442130802,17,17,Team Unique
854,99,False,5442130802,18,18,Team Liquid
855,10,False,5442130802,19,19,Team Unique
856,3,True,5442130802,20,20,Team Unique
857,61,True,5442130802,21,21,Team Liquid
858,53,False,5439105884,0,0,Team Liquid
859,98,False,5439105884,1,1,FAMILY TEAM
860,43,False,5439105884,2,2,Team Liquid
861,121,False,5439105884,3,3,FAMILY TEAM
862,38,False,5439105884,4,4,Team Liquid
863,110,False,5439105884,5,5,FAMILY TEAM
864,36,False,5439105884,6,6,Team Liquid
865,77,False,5439105884,7,7,FAMILY TEAM
866,106,True,5439105884,8,8,Team Liquid
867,66,True,5439105884,9,9,FAMILY TEAM
868,90,True,5439105884,10,10,FAMILY TEAM
869,58,True,5439105884,11,11,Team Liquid
870,95,False,5439105884,12,12,Team Liquid
871,39,False,5439105884,13,13,FAMILY TEAM
872,17,True,5439105884,14,14,FAMILY TEAM
873,7,True,5439105884,15,15,Team Liquid
874,100,True,5439105884,16,16,FAMILY TEAM
875,92,True,5439105884,17,17,Team Liquid
876,129,False,5439105884,18,18,FAMILY TEAM
877,12,False,5439105884,19,19,Team Liquid
878,65,True,5439105884,20,20,Team Liquid
879,99,True,5439105884,21,21,FAMILY TEAM
880,98,False,5439033949,0,0,FAMILY TEAM
881,77,False,5439033949,1,1,Team Liquid
882,39,False,5439033949,2,2,FAMILY TEAM
883,53,False,5439033949,3,3,Team Liquid
884,43,False,5439033949,4,4,FAMILY TEAM
885,38,False,5439033949,5,5,Team Liquid
886,86,False,5439033949,6,6,FAMILY TEAM
887,90,False,5439033949,7,7,Team Liquid
888,121,True,5439033949,8,8,FAMILY TEAM
889,110,True,5439033949,9,9,Team Liquid
890,106,True,5439033949,10,10,Team Liquid
891,36,True,5439033949,11,11,FAMILY TEAM
892,3,False,5439033949,12,12,FAMILY TEAM
893,8,False,5439033949,13,13,Team Liquid
894,58,True,5439033949,14,14,Team Liquid
895,79,True,5439033949,15,15,FAMILY TEAM
896,96,True,5439033949,16,16,Team Liquid
897,10,True,5439033949,17,17,FAMILY TEAM
898,49,False,5439033949,18,18,Team Liquid
899,92,False,5439033949,19,19,FAMILY TEAM
900,33,True,5439033949,20,20,FAMILY TEAM
901,46,True,5439033949,21,21,Team Liquid
902,110,False,5436769744,0,0,Gambit Esports
903,58,False,5436769744,1,1,Team Liquid
904,77,False,5436769744,2,2,Gambit Esports
905,53,False,5436769744,3,3,Team Liquid
906,79,False,5436769744,4,4,Gambit Esports
907,39,False,5436769744,5,5,Team Liquid
908,90,False,5436769744,6,6,Gambit Esports
909,36,False,5436769744,7,7,Team Liquid
910,7,True,5436769744,8,8,Gambit Esports
911,106,True,5436769744,9,9,Team Liquid
912,86,True,5436769744,10,10,Team Liquid
913,114,True,5436769744,11,11,Gambit Esports
914,121,False,5436769744,12,12,Gambit Esports
915,65,False,5436769744,13,13,Team Liquid
916,20,True,5436769744,14,14,Team Liquid
917,87,True,5436769744,15,15,Gambit Esports
918,38,True,5436769744,16,16,Team Liquid
919,98,True,5436769744,17,17,Gambit Esports
920,95,False,5436769744,18,18,Team Liquid
921,92,False,5436769744,19,19,Gambit Esports
922,126,True,5436769744,20,20,Gambit Esports
923,11,True,5436769744,21,21,Team Liquid
924,110,False,5436679814,0,0,Gambit Esports
925,53,False,5436679814,1,1,Team Liquid
926,49,False,5436679814,2,2,Gambit Esports
927,58,False,5436679814,3,3,Team Liquid
928,77,False,5436679814,4,4,Gambit Esports
929,65,False,5436679814,5,5,Team Liquid
930,79,False,5436679814,6,6,Gambit Esports
931,39,False,5436679814,7,7,Team Liquid
932,121,True,5436679814,8,8,Gambit Esports
933,106,True,5436679814,9,9,Team Liquid
934,90,True,5436679814,10,10,Team Liquid
935,2,True,5436679814,11,11,Gambit Esports
936,86,False,5436679814,12,12,Gambit Esports
937,36,False,5436679814,13,13,Team Liquid
938,21,True,5436679814,14,14,Team Liquid
939,84,True,5436679814,15,15,Gambit Esports
940,100,True,5436679814,16,16,Team Liquid
941,41,True,5436679814,17,17,Gambit Esports
942,43,False,5436679814,18,18,Team Liquid
943,25,False,5436679814,19,19,Gambit Esports
944,17,True,5436679814,20,20,Gambit Esports
945,92,True,5436679814,21,21,Team Liquid
946,110,False,5435437375,0,0,ViKin.gg
947,77,False,5435437375,1,1,Team Liquid
948,106,False,5435437375,2,2,ViKin.gg
949,58,False,5435437375,3,3,Team Liquid
950,129,False,5435437375,4,4,ViKin.gg
951,66,False,5435437375,5,5,Team Liquid
952,38,False,5435437375,6,6,ViKin.gg
953,36,False,5435437375,7,7,Team Liquid
954,49,True,5435437375,8,8,ViKin.gg
955,121,True,5435437375,9,9,Team Liquid
956,114,True,5435437375,10,10,Team Liquid
957,79,True,5435437375,11,11,ViKin.gg
958,98,False,5435437375,12,12,ViKin.gg
959,39,False,5435437375,13,13,Team Liquid
960,86,True,5435437375,14,14,Team Liquid
961,20,True,5435437375,15,15,ViKin.gg
962,96,True,5435437375,16,16,Team Liquid
963,53,True,5435437375,17,17,ViKin.gg
964,48,False,5435437375,18,18,Team Liquid
965,61,False,5435437375,19,19,ViKin.gg
966,11,True,5435437375,20,20,ViKin.gg
967,80,True,5435437375,21,21,Team Liquid
968,77,False,5435358204,0,0,Team Liquid
969,110,False,5435358204,1,1,ViKin.gg
970,66,False,5435358204,2,2,Team Liquid
971,49,False,5435358204,3,3,ViKin.gg
972,58,False,5435358204,4,4,Team Liquid
973,121,False,5435358204,5,5,ViKin.gg
974,38,False,5435358204,6,6,Team Liquid
975,106,False,5435358204,7,7,ViKin.gg
976,86,True,5435358204,8,8,Team Liquid
977,20,True,5435358204,9,9,ViKin.gg
978,7,True,5435358204,10,10,ViKin.gg
979,129,True,5435358204,11,11,Team Liquid
980,32,False,5435358204,12,12,Team Liquid
981,109,False,5435358204,13,13,ViKin.gg
982,48,True,5435358204,14,14,ViKin.gg
983,64,True,5435358204,15,15,Team Liquid
984,36,True,5435358204,16,16,ViKin.gg
985,17,True,5435358204,17,17,Team Liquid
986,10,False,5435358204,18,18,ViKin.gg
987,39,False,5435358204,19,19,Team Liquid
988,95,True,5435358204,20,20,Team Liquid
989,46,True,5435358204,21,21,ViKin.gg
990,58,False,5433169100,0,0,Team Liquid
991,110,False,5433169100,1,1,Team Secret
992,36,False,5433169100,2,2,Team Liquid
993,121,False,5433169100,3,3,Team Secret
994,66,False,5433169100,4,4,Team Liquid
995,106,False,5433169100,5,5,Team Secret
996,35,False,5433169100,6,6,Team Liquid
997,49,False,5433169100,7,7,Team Secret
998,39,True,5433169100,8,8,Team Liquid
999,86,True,5433169100,9,9,Team Secret
1000,3,True,5433169100,10,10,Team Secret
1001,30,True,5433169100,11,11,Team Liquid
1002,102,False,5433169100,12,12,Team Liquid
1003,114,False,5433169100,13,13,Team Secret
1004,126,True,5433169100,14,14,Team Secret
1005,100,True,5433169100,15,15,Team Liquid
1006,23,True,5433169100,16,16,Team Secret
1007,21,True,5433169100,17,17,Team Liquid
1008,46,False,5433169100,18,18,Team Secret
1009,12,False,5433169100,19,19,Team Liquid
1010,10,True,5433169100,20,20,Team Liquid
1011,95,True,5433169100,21,21,Team Secret
1012,58,False,5433022451,0,0,Team Liquid
1013,110,False,5433022451,1,1,Team Secret
1014,36,False,5433022451,2,2,Team Liquid
1015,106,False,5433022451,3,3,Team Secret
1016,66,False,5433022451,4,4,Team Liquid
1017,121,False,5433022451,5,5,Team Secret
1018,35,False,5433022451,6,6,Team Liquid
1019,49,False,5433022451,7,7,Team Secret
1020,79,True,5433022451,8,8,Team Liquid
1021,39,True,5433022451,9,9,Team Secret
1022,7,True,5433022451,10,10,Team Secret
1023,80,True,5433022451,11,11,Team Liquid
1024,98,False,5433022451,12,12,Team Liquid
1025,86,False,5433022451,13,13,Team Secret
1026,64,True,5433022451,14,14,Team Secret
1027,30,True,5433022451,15,15,Team Liquid
1028,38,True,5433022451,16,16,Team Secret
1029,96,True,5433022451,17,17,Team Liquid
1030,126,False,5433022451,18,18,Team Secret
1031,77,False,5433022451,19,19,Team Liquid
1032,56,True,5433022451,20,20,Team Liquid
1033,81,True,5433022451,21,21,Team Secret
1034,35,False,5431601321,0,0,Team Liquid
1035,110,False,5431601321,1,1,Team Secret
1036,62,False,5431601321,2,2,Team Liquid
1037,121,False,5431601321,3,3,Team Secret
1038,49,False,5431601321,4,4,Team Liquid
1039,79,False,5431601321,5,5,Team Secret
1040,66,False,5431601321,6,6,Team Liquid
1041,39,False,5431601321,7,7,Team Secret
1042,106,True,5431601321,8,8,Team Liquid
1043,36,True,5431601321,9,9,Team Secret
1044,86,True,5431601321,10,10,Team Secret
1045,129,True,5431601321,11,11,Team Liquid
1046,8,False,5431601321,12,12,Team Liquid
1047,119,False,5431601321,13,13,Team Secret
1048,58,True,5431601321,14,14,Team Secret
1049,21,True,5431601321,15,15,Team Liquid
1050,80,True,5431601321,16,16,Team Secret
1051,43,True,5431601321,17,17,Team Liquid
1052,112,False,5431601321,18,18,Team Secret
1053,23,False,5431601321,19,19,Team Liquid
1054,90,True,5431601321,20,20,Team Liquid
1055,38,True,5431601321,21,21,Team Secret
1056,110,False,5431538040,0,0,Team Secret
1057,62,False,5431538040,1,1,Team Liquid
1058,121,False,5431538040,2,2,Team Secret
1059,35,False,5431538040,3,3,Team Liquid
1060,129,False,5431538040,4,4,Team Secret
1061,39,False,5431538040,5,5,Team Liquid
1062,79,False,5431538040,6,6,Team Secret
1063,106,False,5431538040,7,7,Team Liquid
1064,49,True,5431538040,8,8,Team Secret
1065,86,True,5431538040,9,9,Team Liquid
1066,126,True,5431538040,10,10,Team Liquid
1067,66,True,5431538040,11,11,Team Secret
1068,15,False,5431538040,12,12,Team Secret
1069,36,False,5431538040,13,13,Team Liquid
1070,98,True,5431538040,14,14,Team Liquid
1071,26,True,5431538040,15,15,Team Secret
1072,20,True,5431538040,16,16,Team Liquid
1073,43,True,5431538040,17,17,Team Secret
1074,65,False,5431538040,18,18,Team Liquid
1075,77,False,5431538040,19,19,Team Secret
1076,114,True,5431538040,20,20,Team Secret
1077,6,True,5431538040,21,21,Team Liquid
1078,62,False,5431446895,0,0,Team Liquid
1079,110,False,5431446895,1,1,Team Secret
1080,7,False,5431446895,2,2,Team Liquid
1081,121,False,5431446895,3,3,Team Secret
1082,33,False,5431446895,4,4,Team Liquid
1083,129,False,5431446895,5,5,Team Secret
1084,114,False,5431446895,6,6,Team Liquid
1085,111,False,5431446895,7,7,Team Secret
1086,49,True,5431446895,8,8,Team Liquid
1087,106,True,5431446895,9,9,Team Secret
1088,35,True,5431446895,10,10,Team Secret
1089,86,True,5431446895,11,11,Team Liquid
1090,90,False,5431446895,12,12,Team Liquid
1091,77,False,5431446895,13,13,Team Secret
1092,58,True,5431446895,14,14,Team Secret
1093,39,True,5431446895,15,15,Team Liquid
1094,102,True,5431446895,16,16,Team Secret
1095,61,True,5431446895,17,17,Team Liquid
1096,66,False,5431446895,18,18,Team Secret
1097,23,False,5431446895,19,19,Team Liquid
1098,22,True,5431446895,20,20,Team Liquid
1099,46,True,5431446895,21,21,Team Secret
1100,49,False,5430985653,0,0,OG
1101,53,False,5430985653,1,1,Team Liquid
1102,39,False,5430985653,2,2,OG
1103,106,False,5430985653,3,3,Team Liquid
1104,121,False,5430985653,4,4,OG
1105,66,False,5430985653,5,5,Team Liquid
1106,129,False,5430985653,6,6,OG
1107,95,False,5430985653,7,7,Team Liquid
1108,79,True,5430985653,8,8,OG
1109,86,True,5430985653,9,9,Team Liquid
1110,126,True,5430985653,10,10,Team Liquid
1111,52,True,5430985653,11,11,OG
1112,77,False,5430985653,12,12,OG
1113,38,False,5430985653,13,13,Team Liquid
1114,21,True,5430985653,14,14,Team Liquid
1115,107,True,5430985653,15,15,OG
1116,100,True,5430985653,16,16,Team Liquid
1117,98,True,5430985653,17,17,OG
1118,48,False,5430985653,18,18,Team Liquid
1119,80,False,5430985653,19,19,OG
1120,114,True,5430985653,20,20,OG
1121,15,True,5430985653,21,21,Team Liquid
1122,111,False,5430896208,0,0,OG
1123,53,False,5430896208,1,1,Team Liquid
1124,77,False,5430896208,2,2,OG
1125,38,False,5430896208,3,3,Team Liquid
1126,121,False,5430896208,4,4,OG
1127,66,False,5430896208,5,5,Team Liquid
1128,61,False,5430896208,6,6,OG
1129,55,False,5430896208,7,7,Team Liquid
1130,106,True,5430896208,8,8,OG
1131,49,True,5430896208,9,9,Team Liquid
1132,86,True,5430896208,10,10,Team Liquid
1133,90,True,5430896208,11,11,OG
1134,8,False,5430896208,12,12,OG
1135,65,False,5430896208,13,13,Team Liquid
1136,39,True,5430896208,14,14,Team Liquid
1137,30,True,5430896208,15,15,OG
1138,3,True,5430896208,16,16,Team Liquid
1139,104,True,5430896208,17,17,OG
1140,48,False,5430896208,18,18,Team Liquid
1141,95,False,5430896208,19,19,OG
1142,92,True,5430896208,20,20,OG
1143,10,True,5430896208,21,21,Team Liquid
1144,105,False,5429518804,0,0,Team Liquid
1145,79,False,5429518804,1,1,Virtus.pro
1146,83,False,5429518804,2,2,Team Liquid
1147,106,False,5429518804,3,3,Virtus.pro
1148,53,False,5429518804,4,4,Team Liquid
1149,77,False,5429518804,5,5,Virtus.pro
1150,98,False,5429518804,6,6,Team Liquid
1151,121,False,5429518804,7,7,Virtus.pro
1152,110,True,5429518804,8,8,Team Liquid
1153,84,True,5429518804,9,9,Virtus.pro
1154,120,True,5429518804,10,10,Virtus.pro
1155,2,True,5429518804,11,11,Team Liquid
1156,43,False,5429518804,12,12,Team Liquid
1157,86,False,5429518804,13,13,Virtus.pro
1158,33,True,5429518804,14,14,Virtus.pro
1159,20,True,5429518804,15,15,Team Liquid
1160,10,True,5429518804,16,16,Virtus.pro
1161,39,True,5429518804,17,17,Team Liquid
1162,17,False,5429518804,18,18,Virtus.pro
1163,49,False,5429518804,19,19,Team Liquid
1164,48,True,5429518804,20,20,Team Liquid
1165,74,True,5429518804,21,21,Virtus.pro
1166,105,False,5429389505,0,0,Team Liquid
1167,79,False,5429389505,1,1,Virtus.pro
1168,83,False,5429389505,2,2,Team Liquid
1169,49,False,5429389505,3,3,Virtus.pro
1170,53,False,5429389505,4,4,Team Liquid
1171,110,False,5429389505,5,5,Virtus.pro
1172,98,False,5429389505,6,6,Team Liquid
1173,106,False,5429389505,7,7,Virtus.pro
1174,86,True,5429389505,8,8,Team Liquid
1175,84,True,5429389505,9,9,Virtus.pro
1176,95,True,5429389505,10,10,Virtus.pro
1177,39,True,5429389505,11,11,Team Liquid
1178,43,False,5429389505,12,12,Team Liquid
1179,65,False,5429389505,13,13,Virtus.pro
1180,87,True,5429389505,14,14,Virtus.pro
1181,121,True,5429389505,15,15,Team Liquid
1182,96,True,5429389505,16,16,Virtus.pro
1183,126,True,5429389505,17,17,Team Liquid
1184,80,False,5429389505,18,18,Virtus.pro
1185,23,False,5429389505,19,19,Team Liquid
1186,92,True,5429389505,20,20,Team Liquid
1187,77,True,5429389505,21,21,Virtus.pro
1188,43,False,5428984190,0,0,Team Liquid
1189,79,False,5428984190,1,1,Alliance
1190,53,False,5428984190,2,2,Team Liquid
1191,111,False,5428984190,3,3,Alliance
1192,49,False,5428984190,4,4,Team Liquid
1193,106,False,5428984190,5,5,Alliance
1194,3,False,5428984190,6,6,Team Liquid
1195,39,False,5428984190,7,7,Alliance
1196,110,True,5428984190,8,8,Team Liquid
1197,58,True,5428984190,9,9,Alliance
1198,7,True,5428984190,10,10,Alliance
1199,2,True,5428984190,11,11,Team Liquid
1200,38,False,5428984190,12,12,Team Liquid
1201,77,False,5428984190,13,13,Alliance
1202,65,True,5428984190,14,14,Alliance
1203,121,True,5428984190,15,15,Team Liquid
1204,10,True,5428984190,16,16,Alliance
1205,63,True,5428984190,17,17,Team Liquid
1206,46,False,5428984190,18,18,Alliance
1207,23,False,5428984190,19,19,Team Liquid
1208,80,True,5428984190,20,20,Team Liquid
1209,36,True,5428984190,21,21,Alliance
1210,111,False,5428916783,0,0,Alliance
1211,43,False,5428916783,1,1,Team Liquid
1212,106,False,5428916783,2,2,Alliance
1213,110,False,5428916783,3,3,Team Liquid
1214,90,False,5428916783,4,4,Alliance
1215,49,False,5428916783,5,5,Team Liquid
1216,80,False,5428916783,6,6,Alliance
1217,53,False,5428916783,7,7,Team Liquid
1218,79,True,5428916783,8,8,Alliance
1219,86,True,5428916783,9,9,Team Liquid
1220,96,True,5428916783,10,10,Team Liquid
1221,129,True,5428916783,11,11,Alliance
1222,121,False,5428916783,12,12,Alliance
1223,23,False,5428916783,13,13,Team Liquid
1224,39,True,5428916783,14,14,Team Liquid
1225,87,True,5428916783,15,15,Alliance
1226,66,True,5428916783,16,16,Team Liquid
1227,46,True,5428916783,17,17,Alliance
1228,36,False,5428916783,18,18,Team Liquid
1229,12,False,5428916783,19,19,Alliance
1230,69,True,5428916783,20,20,Alliance
1231,77,True,5428916783,21,21,Team Liquid
1232,65,False,5428067328,0,0,Team Liquid
1233,126,False,5428067328,1,1,FlyToMoon
1234,120,False,5428067328,2,2,Team Liquid
1235,106,False,5428067328,3,3,FlyToMoon
1236,79,False,5428067328,4,4,Team Liquid
1237,110,False,5428067328,5,5,FlyToMoon
1238,85,False,5428067328,6,6,Team Liquid
1239,111,False,5428067328,7,7,FlyToMoon
1240,86,True,5428067328,8,8,Team Liquid
1241,43,True,5428067328,9,9,FlyToMoon
1242,84,True,5428067328,10,10,FlyToMoon
1243,39,True,5428067328,11,11,Team Liquid
1244,49,False,5428067328,12,12,Team Liquid
1245,77,False,5428067328,13,13,FlyToMoon
1246,87,True,5428067328,14,14,FlyToMoon
1247,30,True,5428067328,15,15,Team Liquid
1248,32,True,5428067328,16,16,FlyToMoon
1249,28,True,5428067328,17,17,Team Liquid
1250,12,False,5428067328,18,18,FlyToMoon
1251,108,False,5428067328,19,19,Team Liquid
1252,44,True,5428067328,20,20,Team Liquid
1253,46,True,5428067328,21,21,FlyToMoon
1254,126,False,5427945898,0,0,FlyToMoon
1255,65,False,5427945898,1,1,Team Liquid
1256,61,False,5427945898,2,2,FlyToMoon
1257,79,False,5427945898,3,3,Team Liquid
1258,43,False,5427945898,4,4,FlyToMoon
1259,86,False,5427945898,5,5,Team Liquid
1260,110,False,5427945898,6,6,FlyToMoon
1261,85,False,5427945898,7,7,Team Liquid
1262,106,True,5427945898,8,8,FlyToMoon
1263,111,True,5427945898,9,9,Team Liquid
1264,49,True,5427945898,10,10,Team Liquid
1265,120,True,5427945898,11,11,FlyToMoon
1266,121,False,5427945898,12,12,FlyToMoon
1267,15,False,5427945898,13,13,Team Liquid
1268,119,True,5427945898,14,14,Team Liquid
1269,90,True,5427945898,15,15,FlyToMoon
1270,129,True,5427945898,16,16,Team Liquid
1271,93,True,5427945898,17,17,FlyToMoon
1272,87,False,5427945898,18,18,Team Liquid
1273,36,False,5427945898,19,19,FlyToMoon
1274,9,True,5427945898,20,20,FlyToMoon
1275,80,True,5427945898,21,21,Team Liquid
1276,65,False,5427826294,0,0,Team Liquid
1277,126,False,5427826294,1,1,FlyToMoon
1278,79,False,5427826294,2,2,Team Liquid
1279,106,False,5427826294,3,3,FlyToMoon
1280,39,False,5427826294,4,4,Team Liquid
1281,110,False,5427826294,5,5,FlyToMoon
1282,85,False,5427826294,6,6,Team Liquid
1283,77,False,5427826294,7,7,FlyToMoon
1284,111,True,5427826294,8,8,Team Liquid
1285,86,True,5427826294,9,9,FlyToMoon
1286,43,True,5427826294,10,10,FlyToMoon
1287,53,True,5427826294,11,11,Team Liquid
1288,120,False,5427826294,12,12,Team Liquid
1289,61,False,5427826294,13,13,FlyToMoon
1290,49,True,5427826294,14,14,FlyToMoon
1291,21,True,5427826294,15,15,Team Liquid
1292,64,True,5427826294,16,16,FlyToMoon
1293,100,True,5427826294,17,17,Team Liquid
1294,114,False,5427826294,18,18,FlyToMoon
1295,95,False,5427826294,19,19,Team Liquid
1296,48,True,5427826294,20,20,Team Liquid
1297,12,True,5427826294,21,21,FlyToMoon
1298,105,False,5424817213,0,0,Team Liquid
1299,79,False,5424817213,1,1,Virtus.pro
1300,83,False,5424817213,2,2,Team Liquid
1301,110,False,5424817213,3,3,Virtus.pro
1302,43,False,5424817213,4,4,Team Liquid
1303,106,False,5424817213,5,5,Virtus.pro
1304,98,False,5424817213,6,6,Team Liquid
1305,126,False,5424817213,7,7,Virtus.pro
1306,121,True,5424817213,8,8,Team Liquid
1307,53,True,5424817213,9,9,Virtus.pro
1308,100,True,5424817213,10,10,Virtus.pro
1309,63,True,5424817213,11,11,Team Liquid
1310,95,False,5424817213,12,12,Team Liquid
1311,77,False,5424817213,13,13,Virtus.pro
1312,86,True,5424817213,14,14,Virtus.pro
1313,49,True,5424817213,15,15,Team Liquid
1314,48,True,5424817213,16,16,Virtus.pro
1315,7,True,5424817213,17,17,Team Liquid
1316,25,False,5424817213,18,18,Virtus.pro
1317,15,False,5424817213,19,19,Team Liquid
1318,32,True,5424817213,20,20,Team Liquid
1319,96,True,5424817213,21,21,Virtus.pro
1320,65,False,5424708154,0,0,Virtus.pro
1321,105,False,5424708154,1,1,Team Liquid
1322,110,False,5424708154,2,2,Virtus.pro
1323,83,False,5424708154,3,3,Team Liquid
1324,126,False,5424708154,4,4,Virtus.pro
1325,43,False,5424708154,5,5,Team Liquid
1326,79,False,5424708154,6,6,Virtus.pro
1327,106,False,5424708154,7,7,Team Liquid
1328,53,True,5424708154,8,8,Virtus.pro
1329,121,True,5424708154,9,9,Team Liquid
1330,129,True,5424708154,10,10,Team Liquid
1331,87,True,5424708154,11,11,Virtus.pro
1332,61,False,5424708154,12,12,Virtus.pro
1333,95,False,5424708154,13,13,Team Liquid
1334,63,True,5424708154,14,14,Team Liquid
1335,62,True,5424708154,15,15,Virtus.pro
1336,49,True,5424708154,16,16,Team Liquid
1337,98,True,5424708154,17,17,Virtus.pro
1338,36,False,5424708154,18,18,Team Liquid
1339,93,False,5424708154,19,19,Virtus.pro
1340,114,True,5424708154,20,20,Virtus.pro
1341,21,True,5424708154,21,21,Team Liquid
1342,105,False,5424574633,0,0,Team Liquid
1343,79,False,5424574633,1,1,Virtus.pro
1344,83,False,5424574633,2,2,Team Liquid
1345,106,False,5424574633,3,3,Virtus.pro
1346,43,False,5424574633,4,4,Team Liquid
1347,126,False,5424574633,5,5,Virtus.pro
1348,53,False,5424574633,6,6,Team Liquid
1349,111,False,5424574633,7,7,Virtus.pro
1350,110,True,5424574633,8,8,Team Liquid
1351,38,True,5424574633,9,9,Virtus.pro
1352,5,True,5424574633,10,10,Virtus.pro
1353,129,True,5424574633,11,11,Team Liquid
1354,8,False,5424574633,12,12,Team Liquid
1355,121,False,5424574633,13,13,Virtus.pro
1356,120,True,5424574633,14,14,Virtus.pro
1357,30,True,5424574633,15,15,Team Liquid
1358,10,True,5424574633,16,16,Virtus.pro
1359,77,True,5424574633,17,17,Team Liquid
1360,25,False,5424574633,18,18,Virtus.pro
1361,49,False,5424574633,19,19,Team Liquid
1362,39,True,5424574633,20,20,Team Liquid
1363,98,True,5424574633,21,21,Virtus.pro
1364,3,False,5423061037,0,0,Team Liquid
1365,110,False,5423061037,1,1,Team Secret
1366,62,False,5423061037,2,2,Team Liquid
1367,21,False,5423061037,3,3,Team Secret
1368,30,False,5423061037,4,4,Team Liquid
1369,79,False,5423061037,5,5,Team Secret
1370,49,False,5423061037,6,6,Team Liquid
1371,106,False,5423061037,7,7,Team Secret
1372,121,True,5423061037,8,8,Team Liquid
1373,39,True,5423061037,9,9,Team Secret
1374,7,True,5423061037,10,10,Team Secret
1375,77,True,5423061037,11,11,Team Liquid
1376,95,False,5423061037,12,12,Team Liquid
1377,126,False,5423061037,13,13,Team Secret
1378,90,True,5423061037,14,14,Team Secret
1379,119,True,5423061037,15,15,Team Liquid
1380,29,True,5423061037,16,16,Team Secret
1381,129,True,5423061037,17,17,Team Liquid
1382,114,False,5423061037,18,18,Team Secret
1383,48,False,5423061037,19,19,Team Liquid
1384,13,True,5423061037,20,20,Team Liquid
1385,80,True,5423061037,21,21,Team Secret
1386,79,False,5422803635,0,0,Team Secret
1387,3,False,5422803635,1,1,Team Liquid
1388,110,False,5422803635,2,2,Team Secret
1389,30,False,5422803635,3,3,Team Liquid
1390,21,False,5422803635,4,4,Team Secret
1391,62,False,5422803635,5,5,Team Liquid
1392,77,False,5422803635,6,6,Team Secret
1393,106,False,5422803635,7,7,Team Liquid
1394,90,True,5422803635,8,8,Team Secret
1395,121,True,5422803635,9,9,Team Liquid
1396,126,True,5422803635,10,10,Team Liquid
1397,49,True,5422803635,11,11,Team Secret
1398,43,False,5422803635,12,12,Team Secret
1399,39,False,5422803635,13,13,Team Liquid
1400,111,True,5422803635,14,14,Team Liquid
1401,7,True,5422803635,15,15,Team Secret
1402,114,True,5422803635,16,16,Team Liquid
1403,17,True,5422803635,17,17,Team Secret
1404,95,False,5422803635,18,18,Team Liquid
1405,59,False,5422803635,19,19,Team Secret
1406,20,True,5422803635,20,20,Team Secret
1407,80,True,5422803635,21,21,Team Liquid
1408,96,False,5415274045,0,0,Team Spirit
1409,43,False,5415274045,1,1,Team Liquid
1410,106,False,5415274045,2,2,Team Spirit
1411,66,False,5415274045,3,3,Team Liquid
1412,98,False,5415274045,4,4,Team Spirit
1413,110,False,5415274045,5,5,Team Liquid
1414,126,False,5415274045,6,6,Team Spirit
1415,79,False,5415274045,7,7,Team Liquid
1416,129,True,5415274045,8,8,Team Spirit
1417,100,True,5415274045,9,9,Team Liquid
1418,21,True,5415274045,10,10,Team Liquid
1419,90,True,5415274045,11,11,Team Spirit
1420,8,False,5415274045,12,12,Team Spirit
1421,95,False,5415274045,13,13,Team Liquid
1422,86,True,5415274045,14,14,Team Liquid
1423,119,True,5415274045,15,15,Team Spirit
1424,80,True,5415274045,16,16,Team Liquid
1425,67,True,5415274045,17,17,Team Spirit
1426,36,False,5415274045,18,18,Team Liquid
1427,114,False,5415274045,19,19,Team Spirit
1428,17,True,5415274045,20,20,Team Spirit
1429,49,True,5415274045,21,21,Team Liquid
1430,66,False,5415193648,0,0,Team Liquid
1431,110,False,5415193648,1,1,Team Spirit
1432,43,False,5415193648,2,2,Team Liquid
1433,129,False,5415193648,3,3,Team Spirit
1434,79,False,5415193648,4,4,Team Liquid
1435,80,False,5415193648,5,5,Team Spirit
1436,90,False,5415193648,6,6,Team Liquid
1437,126,False,5415193648,7,7,Team Spirit
1438,106,True,5415193648,8,8,Team Liquid
1439,121,True,5415193648,9,9,Team Spirit
1440,96,True,5415193648,10,10,Team Spirit
1441,111,True,5415193648,11,11,Team Liquid
1442,95,False,5415193648,12,12,Team Liquid
1443,114,False,5415193648,13,13,Team Spirit
1444,86,True,5415193648,14,14,Team Spirit
1445,100,True,5415193648,15,15,Team Liquid
1446,32,True,5415193648,16,16,Team Spirit
1447,21,True,5415193648,17,17,Team Liquid
1448,46,False,5415193648,18,18,Team Spirit
1449,23,False,5415193648,19,19,Team Liquid
1450,77,True,5415193648,20,20,Team Liquid
1451,99,True,5415193648,21,21,Team Spirit
1452,43,False,5413590967,0,0,Team Liquid
1453,129,False,5413590967,1,1,Ninjas in Pyjamas
1454,62,False,5413590967,2,2,Team Liquid
1455,110,False,5413590967,3,3,Ninjas in Pyjamas
1456,66,False,5413590967,4,4,Team Liquid
1457,90,False,5413590967,5,5,Ninjas in Pyjamas
1458,106,False,5413590967,6,6,Team Liquid
1459,99,False,5413590967,7,7,Ninjas in Pyjamas
1460,121,True,5413590967,8,8,Team Liquid
1461,77,True,5413590967,9,9,Ninjas in Pyjamas
1462,63,True,5413590967,10,10,Ninjas in Pyjamas
1463,126,True,5413590967,11,11,Team Liquid
1464,65,False,5413590967,12,12,Team Liquid
1465,23,False,5413590967,13,13,Ninjas in Pyjamas
1466,64,True,5413590967,14,14,Ninjas in Pyjamas
1467,83,True,5413590967,15,15,Team Liquid
1468,38,True,5413590967,16,16,Ninjas in Pyjamas
1469,29,True,5413590967,17,17,Team Liquid
1470,95,False,5413590967,18,18,Ninjas in Pyjamas
1471,15,False,5413590967,19,19,Team Liquid
1472,56,True,5413590967,20,20,Team Liquid
1473,45,True,5413590967,21,21,Ninjas in Pyjamas
1474,43,False,5413516052,0,0,Team Liquid
1475,110,False,5413516052,1,1,Ninjas in Pyjamas
1476,62,False,5413516052,2,2,Team Liquid
1477,129,False,5413516052,3,3,Ninjas in Pyjamas
1478,120,False,5413516052,4,4,Team Liquid
1479,90,False,5413516052,5,5,Ninjas in Pyjamas
1480,66,False,5413516052,6,6,Team Liquid
1481,65,False,5413516052,7,7,Ninjas in Pyjamas
1482,79,True,5413516052,8,8,Team Liquid
1483,106,True,5413516052,9,9,Ninjas in Pyjamas
1484,96,True,5413516052,10,10,Ninjas in Pyjamas
1485,49,True,5413516052,11,11,Team Liquid
1486,121,False,5413516052,12,12,Team Liquid
1487,38,False,5413516052,13,13,Ninjas in Pyjamas
1488,64,True,5413516052,14,14,Ninjas in Pyjamas
1489,86,True,5413516052,15,15,Team Liquid
1490,101,True,5413516052,16,16,Ninjas in Pyjamas
1491,80,True,5413516052,17,17,Team Liquid
1492,99,False,5413516052,18,18,Ninjas in Pyjamas
1493,82,False,5413516052,19,19,Team Liquid
1494,39,True,5413516052,20,20,Team Liquid
1495,77,True,5413516052,21,21,Ninjas in Pyjamas
1496,129,False,5413388664,0,0,Ninjas in Pyjamas
1497,43,False,5413388664,1,1,Team Liquid
1498,121,False,5413388664,2,2,Ninjas in Pyjamas
1499,62,False,5413388664,3,3,Team Liquid
1500,49,False,5413388664,4,4,Ninjas in Pyjamas
1501,120,False,5413388664,5,5,Team Liquid
1502,110,False,5413388664,6,6,Ninjas in Pyjamas
1503,79,False,5413388664,7,7,Team Liquid
1504,106,True,5413388664,8,8,Ninjas in Pyjamas
1505,90,True,5413388664,9,9,Team Liquid
1506,99,True,5413388664,10,10,Team Liquid
1507,111,True,5413388664,11,11,Ninjas in Pyjamas
1508,38,False,5413388664,12,12,Ninjas in Pyjamas
1509,95,False,5413388664,13,13,Team Liquid
1510,21,True,5413388664,14,14,Team Liquid
1511,7,True,5413388664,15,15,Ninjas in Pyjamas
1512,96,True,5413388664,16,16,Team Liquid
1513,36,True,5413388664,17,17,Ninjas in Pyjamas
1514,73,False,5413388664,18,18,Team Liquid
1515,77,False,5413388664,19,19,Ninjas in Pyjamas
1516,65,True,5413388664,20,20,Ninjas in Pyjamas
1517,39,True,5413388664,21,21,Team Liquid
1518,77,False,5411281598,0,0,VP.Prodigy
1519,43,False,5411281598,1,1,Team Liquid
1520,90,False,5411281598,2,2,VP.Prodigy
1521,2,False,5411281598,3,3,Team Liquid
1522,129,False,5411281598,4,4,VP.Prodigy
1523,79,False,5411281598,5,5,Team Liquid
1524,126,False,5411281598,6,6,VP.Prodigy
1525,106,False,5411281598,7,7,Team Liquid
1526,111,True,5411281598,8,8,VP.Prodigy
1527,96,True,5411281598,9,9,Team Liquid
1528,121,True,5411281598,10,10,Team Liquid
1529,114,True,5411281598,11,11,VP.Prodigy
1530,80,False,5411281598,12,12,VP.Prodigy
1531,16,False,5411281598,13,13,Team Liquid
1532,110,True,5411281598,14,14,Team Liquid
1533,86,True,5411281598,15,15,VP.Prodigy
1534,56,True,5411281598,16,16,Team Liquid
1535,108,True,5411281598,17,17,VP.Prodigy
1536,23,False,5411281598,18,18,Team Liquid
1537,17,False,5411281598,19,19,VP.Prodigy
1538,36,True,5411281598,20,20,VP.Prodigy
1539,15,True,5411281598,21,21,Team Liquid
1540,43,False,5411185196,0,0,Team Liquid
1541,77,False,5411185196,1,1,VP.Prodigy
1542,2,False,5411185196,2,2,Team Liquid
1543,90,False,5411185196,3,3,VP.Prodigy
1544,53,False,5411185196,4,4,Team Liquid
1545,129,False,5411185196,5,5,VP.Prodigy
1546,110,False,5411185196,6,6,Team Liquid
1547,126,False,5411185196,7,7,VP.Prodigy
1548,79,True,5411185196,8,8,Team Liquid
1549,106,True,5411185196,9,9,VP.Prodigy
1550,96,True,5411185196,10,10,VP.Prodigy
1551,121,True,5411185196,11,11,Team Liquid
1552,86,False,5411185196,12,12,Team Liquid
1553,80,False,5411185196,13,13,VP.Prodigy
1554,111,True,5411185196,14,14,VP.Prodigy
1555,114,True,5411185196,15,15,Team Liquid
1556,21,True,5411185196,16,16,VP.Prodigy
1557,38,True,5411185196,17,17,Team Liquid
1558,49,False,5411185196,18,18,VP.Prodigy
1559,12,False,5411185196,19,19,Team Liquid
1560,99,True,5411185196,20,20,Team Liquid
1561,39,True,5411185196,21,21,VP.Prodigy
1562,105,False,5409896513,0,0,Team Liquid
1563,129,False,5409896513,1,1,Virtus.pro
1564,83,False,5409896513,2,2,Team Liquid
1565,79,False,5409896513,3,3,Virtus.pro
1566,53,False,5409896513,4,4,Team Liquid
1567,77,False,5409896513,5,5,Virtus.pro
1568,90,False,5409896513,6,6,Team Liquid
1569,106,False,5409896513,7,7,Virtus.pro
1570,121,True,5409896513,8,8,Team Liquid
1571,111,True,5409896513,9,9,Virtus.pro
1572,96,True,5409896513,10,10,Virtus.pro
1573,126,True,5409896513,11,11,Team Liquid
1574,95,False,5409896513,12,12,Team Liquid
1575,98,False,5409896513,13,13,Virtus.pro
1576,45,True,5409896513,14,14,Virtus.pro
1577,110,True,5409896513,15,15,Team Liquid
1578,67,True,5409896513,16,16,Virtus.pro
1579,80,True,5409896513,17,17,Team Liquid
1580,38,False,5409896513,18,18,Virtus.pro
1581,43,False,5409896513,19,19,Team Liquid
1582,49,True,5409896513,20,20,Team Liquid
1583,36,True,5409896513,21,21,Virtus.pro
1584,105,False,5409783750,0,0,Team Liquid
1585,79,False,5409783750,1,1,Virtus.pro
1586,83,False,5409783750,2,2,Team Liquid
1587,111,False,5409783750,3,3,Virtus.pro
1588,53,False,5409783750,4,4,Team Liquid
1589,90,False,5409783750,5,5,Virtus.pro
1590,43,False,5409783750,6,6,Team Liquid
1591,106,False,5409783750,7,7,Virtus.pro
1592,129,True,5409783750,8,8,Team Liquid
1593,121,True,5409783750,9,9,Virtus.pro
1594,120,True,5409783750,10,10,Virtus.pro
1595,110,True,5409783750,11,11,Team Liquid
1596,67,False,5409783750,12,12,Team Liquid
1597,41,False,5409783750,13,13,Virtus.pro
1598,63,True,5409783750,14,14,Virtus.pro
1599,86,True,5409783750,15,15,Team Liquid
1600,93,True,5409783750,16,16,Virtus.pro
1601,126,True,5409783750,17,17,Team Liquid
1602,80,False,5409783750,18,18,Virtus.pro
1603,39,False,5409783750,19,19,Team Liquid
1604,77,True,5409783750,20,20,Team Liquid
1605,114,True,5409783750,21,21,Virtus.pro
1606,80,False,5409569580,0,0,Alliance
1607,43,False,5409569580,1,1,Team Liquid
1608,90,False,5409569580,2,2,Alliance
1609,66,False,5409569580,3,3,Team Liquid
1610,129,False,5409569580,4,4,Alliance
1611,110,False,5409569580,5,5,Team Liquid
1612,121,False,5409569580,6,6,Alliance
1613,38,False,5409569580,7,7,Team Liquid
1614,53,True,5409569580,8,8,Alliance
1615,79,True,5409569580,9,9,Team Liquid
1616,96,True,5409569580,10,10,Team Liquid
1617,3,True,5409569580,11,11,Alliance
1618,12,False,5409569580,12,12,Alliance
1619,93,False,5409569580,13,13,Team Liquid
1620,111,True,5409569580,14,14,Team Liquid
1621,120,True,5409569580,15,15,Alliance
1622,106,True,5409569580,16,16,Team Liquid
1623,10,True,5409569580,17,17,Alliance
1624,49,False,5409569580,18,18,Team Liquid
1625,59,False,5409569580,19,19,Alliance
1626,99,True,5409569580,20,20,Alliance
1627,46,True,5409569580,21,21,Team Liquid
1628,80,False,5409453940,0,0,Alliance
1629,43,False,5409453940,1,1,Team Liquid
1630,90,False,5409453940,2,2,Alliance
1631,66,False,5409453940,3,3,Team Liquid
1632,121,False,5409453940,4,4,Alliance
1633,110,False,5409453940,5,5,Team Liquid
1634,129,False,5409453940,6,6,Alliance
1635,38,False,5409453940,7,7,Team Liquid
1636,53,True,5409453940,8,8,Alliance
1637,79,True,5409453940,9,9,Team Liquid
1638,96,True,5409453940,10,10,Team Liquid
1639,3,True,5409453940,11,11,Alliance
1640,61,False,5409453940,12,12,Alliance
1641,78,False,5409453940,13,13,Team Liquid
1642,20,True,5409453940,14,14,Team Liquid
1643,107,True,5409453940,15,15,Alliance
1644,49,True,5409453940,16,16,Team Liquid
1645,93,True,5409453940,17,17,Alliance
1646,98,False,5409453940,18,18,Team Liquid
1647,12,False,5409453940,19,19,Alliance
1648,65,True,5409453940,20,20,Alliance
1649,89,True,5409453940,21,21,Team Liquid
1650,80,False,5409345502,0,0,Alliance
1651,43,False,5409345502,1,1,Team Liquid
1652,121,False,5409345502,2,2,Alliance
1653,66,False,5409345502,3,3,Team Liquid
1654,90,False,5409345502,4,4,Alliance
1655,110,False,5409345502,5,5,Team Liquid
1656,129,False,5409345502,6,6,Alliance
1657,53,False,5409345502,7,7,Team Liquid
1658,84,True,5409345502,8,8,Alliance
1659,79,True,5409345502,9,9,Team Liquid
1660,96,True,5409345502,10,10,Team Liquid
1661,112,True,5409345502,11,11,Alliance
1662,106,False,5409345502,12,12,Alliance
1663,38,False,5409345502,13,13,Team Liquid
1664,111,True,5409345502,14,14,Team Liquid
1665,98,True,5409345502,15,15,Alliance
1666,59,True,5409345502,16,16,Team Liquid
1667,32,True,5409345502,17,17,Alliance
1668,49,False,5409345502,18,18,Team Liquid
1669,114,False,5409345502,19,19,Alliance
1670,15,True,5409345502,20,20,Alliance
1671,39,True,5409345502,21,21,Team Liquid
1672,120,False,5408143396,0,0,Team Liquid
1673,110,False,5408143396,1,1,Team Secret
1674,36,False,5408143396,2,2,Team Liquid
1675,79,False,5408143396,3,3,Team Secret
1676,7,False,5408143396,4,4,Team Liquid
1677,129,False,5408143396,5,5,Team Secret
1678,106,False,5408143396,6,6,Team Liquid
1679,121,False,5408143396,7,7,Team Secret
1680,90,True,5408143396,8,8,Team Liquid
1681,86,True,5408143396,9,9,Team Secret
1682,3,True,5408143396,10,10,Team Secret
1683,99,True,5408143396,11,11,Team Liquid
1684,95,False,5408143396,12,12,Team Liquid
1685,38,False,5408143396,13,13,Team Secret
1686,62,True,5408143396,14,14,Team Secret
1687,100,True,5408143396,15,15,Team Liquid
1688,43,True,5408143396,16,16,Team Secret
1689,39,True,5408143396,17,17,Team Liquid
1690,77,False,5408143396,18,18,Team Secret
1691,32,False,5408143396,19,19,Team Liquid
1692,114,True,5408143396,20,20,Team Liquid
1693,49,True,5408143396,21,21,Team Secret
1694,120,False,5408031242,0,0,Team Liquid
1695,121,False,5408031242,1,1,Team Secret
1696,7,False,5408031242,2,2,Team Liquid
1697,110,False,5408031242,3,3,Team Secret
1698,36,False,5408031242,4,4,Team Liquid
1699,79,False,5408031242,5,5,Team Secret
1700,86,False,5408031242,6,6,Team Liquid
1701,129,False,5408031242,7,7,Team Secret
1702,90,True,5408031242,8,8,Team Liquid
1703,30,True,5408031242,9,9,Team Secret
1704,106,True,5408031242,10,10,Team Secret
1705,99,True,5408031242,11,11,Team Liquid
1706,98,False,5408031242,12,12,Team Liquid
1707,49,False,5408031242,13,13,Team Secret
1708,3,True,5408031242,14,14,Team Secret
1709,100,True,5408031242,15,15,Team Liquid
1710,62,True,5408031242,16,16,Team Secret
1711,80,True,5408031242,17,17,Team Liquid
1712,38,False,5408031242,18,18,Team Secret
1713,43,False,5408031242,19,19,Team Liquid
1714,28,True,5408031242,20,20,Team Liquid
1715,95,True,5408031242,21,21,Team Secret
1716,98,False,5404261360,0,0,Virtus.pro
1717,105,False,5404261360,1,1,Team Liquid
1718,90,False,5404261360,2,2,Virtus.pro
1719,83,False,5404261360,3,3,Team Liquid
1720,43,False,5404261360,4,4,Virtus.pro
1721,53,False,5404261360,5,5,Team Liquid
1722,65,False,5404261360,6,6,Virtus.pro
1723,79,False,5404261360,7,7,Team Liquid
1724,106,True,5404261360,8,8,Virtus.pro
1725,121,True,5404261360,9,9,Team Liquid
1726,129,True,5404261360,10,10,Team Liquid
1727,30,True,5404261360,11,11,Virtus.pro
1728,80,False,5404261360,12,12,Virtus.pro
1729,67,False,5404261360,13,13,Team Liquid
1730,119,True,5404261360,14,14,Team Liquid
1731,45,True,5404261360,15,15,Virtus.pro
1732,126,True,5404261360,16,16,Team Liquid
1733,96,True,5404261360,17,17,Virtus.pro
1734,46,False,5404261360,18,18,Team Liquid
1735,93,False,5404261360,19,19,Virtus.pro
1736,11,True,5404261360,20,20,Virtus.pro
1737,61,True,5404261360,21,21,Team Liquid
1738,105,False,5404104229,0,0,Team Liquid
1739,106,False,5404104229,1,1,Virtus.pro
1740,83,False,5404104229,2,2,Team Liquid
1741,79,False,5404104229,3,3,Virtus.pro
1742,43,False,5404104229,4,4,Team Liquid
1743,98,False,5404104229,5,5,Virtus.pro
1744,53,False,5404104229,6,6,Team Liquid
1745,90,False,5404104229,7,7,Virtus.pro
1746,121,True,5404104229,8,8,Team Liquid
1747,111,True,5404104229,9,9,Virtus.pro
1748,96,True,5404104229,10,10,Virtus.pro
1749,129,True,5404104229,11,11,Team Liquid
1750,67,False,5404104229,12,12,Team Liquid
1751,80,False,5404104229,13,13,Virtus.pro
1752,110,True,5404104229,14,14,Virtus.pro
1753,63,True,5404104229,15,15,Team Liquid
1754,109,True,5404104229,16,16,Virtus.pro
1755,49,True,5404104229,17,17,Team Liquid
1756,17,False,5404104229,18,18,Virtus.pro
1757,36,False,5404104229,19,19,Team Liquid
1758,56,True,5404104229,20,20,Team Liquid
1759,23,True,5404104229,21,21,Virtus.pro
1760,111,False,5396441960,0,0,OG.Seed
1761,43,False,5396441960,1,1,Team Liquid
1762,80,False,5396441960,2,2,OG.Seed
1763,38,False,5396441960,3,3,Team Liquid
1764,110,False,5396441960,4,4,OG.Seed
1765,120,False,5396441960,5,5,Team Liquid
1766,66,False,5396441960,6,6,OG.Seed
1767,99,False,5396441960,7,7,Team Liquid
1768,90,True,5396441960,8,8,OG.Seed
1769,106,True,5396441960,9,9,Team Liquid
1770,121,True,5396441960,10,10,Team Liquid
1771,49,True,5396441960,11,11,OG.Seed
1772,98,False,5396441960,12,12,OG.Seed
1773,39,False,5396441960,13,13,Team Liquid
1774,114,True,5396441960,14,14,Team Liquid
1775,119,True,5396441960,15,15,OG.Seed
1776,107,True,5396441960,16,16,Team Liquid
1777,32,True,5396441960,17,17,OG.Seed
1778,129,False,5396441960,18,18,Team Liquid
1779,96,False,5396441960,19,19,OG.Seed
1780,58,True,5396441960,20,20,OG.Seed
1781,65,True,5396441960,21,21,Team Liquid
1782,43,False,5396320618,0,0,Team Liquid
1783,111,False,5396320618,1,1,OG.Seed
1784,55,False,5396320618,2,2,Team Liquid
1785,90,False,5396320618,3,3,OG.Seed
1786,38,False,5396320618,4,4,Team Liquid
1787,110,False,5396320618,5,5,OG.Seed
1788,120,False,5396320618,6,6,Team Liquid
1789,77,False,5396320618,7,7,OG.Seed
1790,66,True,5396320618,8,8,Team Liquid
1791,5,True,5396320618,9,9,OG.Seed
1792,106,True,5396320618,10,10,OG.Seed
1793,129,True,5396320618,11,11,Team Liquid
1794,121,False,5396320618,12,12,Team Liquid
1795,114,False,5396320618,13,13,OG.Seed
1796,7,True,5396320618,14,14,OG.Seed
1797,86,True,5396320618,15,15,Team Liquid
1798,2,True,5396320618,16,16,OG.Seed
1799,80,True,5396320618,17,17,Team Liquid
1800,49,False,5396320618,18,18,OG.Seed
1801,39,False,5396320618,19,19,Team Liquid
1802,126,True,5396320618,20,20,Team Liquid
1803,99,True,5396320618,21,21,OG.Seed
1804,45,False,5390578531,0,0,Team Liquid
1805,90,False,5390578531,1,1,OG
1806,120,False,5390578531,2,2,Team Liquid
1807,129,False,5390578531,3,3,OG
1808,7,False,5390578531,4,4,Team Liquid
1809,110,False,5390578531,5,5,OG
1810,126,False,5390578531,6,6,Team Liquid
1811,38,False,5390578531,7,7,OG
1812,121,True,5390578531,8,8,Team Liquid
1813,100,True,5390578531,9,9,OG
1814,52,True,5390578531,10,10,OG
1815,49,True,5390578531,11,11,Team Liquid
1816,114,False,5390578531,12,12,Team Liquid
1817,32,False,5390578531,13,13,OG
1818,79,True,5390578531,14,14,OG
1819,107,True,5390578531,15,15,Team Liquid
1820,51,True,5390578531,16,16,OG
1821,77,True,5390578531,17,17,Team Liquid
1822,65,False,5390578531,18,18,OG
1823,73,False,5390578531,19,19,Team Liquid
1824,13,True,5390578531,20,20,Team Liquid
1825,109,True,5390578531,21,21,OG
1826,7,False,5390454813,0,0,Team Liquid
1827,110,False,5390454813,1,1,OG
1828,120,False,5390454813,2,2,Team Liquid
1829,90,False,5390454813,3,3,OG
1830,45,False,5390454813,4,4,Team Liquid
1831,111,False,5390454813,5,5,OG
1832,126,False,5390454813,6,6,Team Liquid
1833,129,False,5390454813,7,7,OG
1834,121,True,5390454813,8,8,Team Liquid
1835,106,True,5390454813,9,9,OG
1836,68,True,5390454813,10,10,OG
1837,63,True,5390454813,11,11,Team Liquid
1838,33,False,5390454813,12,12,Team Liquid
1839,32,False,5390454813,13,13,OG
1840,86,True,5390454813,14,14,OG
1841,100,True,5390454813,15,15,Team Liquid
1842,108,True,5390454813,16,16,OG
1843,114,True,5390454813,17,17,Team Liquid
1844,65,False,5390454813,18,18,OG
1845,39,False,5390454813,19,19,Team Liquid
1846,38,True,5390454813,20,20,Team Liquid
1847,50,True,5390454813,21,21,OG
1848,7,False,5388403687,0,0,Team Liquid
1849,121,False,5388403687,1,1,Team Secret
1850,120,False,5388403687,2,2,Team Liquid
1851,90,False,5388403687,3,3,Team Secret
1852,45,False,5388403687,4,4,Team Liquid
1853,129,False,5388403687,5,5,Team Secret
1854,36,False,5388403687,6,6,Team Liquid
1855,79,False,5388403687,7,7,Team Secret
1856,110,True,5388403687,8,8,Team Liquid
1857,111,True,5388403687,9,9,Team Secret
1858,126,True,5388403687,10,10,Team Secret
1859,2,True,5388403687,11,11,Team Liquid
1860,43,False,5388403687,12,12,Team Liquid
1861,99,False,5388403687,13,13,Team Secret
1862,85,True,5388403687,14,14,Team Secret
1863,30,True,5388403687,15,15,Team Liquid
1864,72,True,5388403687,16,16,Team Secret
1865,10,True,5388403687,17,17,Team Liquid
1866,106,False,5388403687,18,18,Team Secret
1867,39,False,5388403687,19,19,Team Liquid
1868,15,True,5388403687,20,20,Team Liquid
1869,65,True,5388403687,21,21,Team Secret
1870,7,False,5388272446,0,0,Team Liquid
1871,110,False,5388272446,1,1,Team Secret
1872,36,False,5388272446,2,2,Team Liquid
1873,121,False,5388272446,3,3,Team Secret
1874,120,False,5388272446,4,4,Team Liquid
1875,90,False,5388272446,5,5,Team Secret
1876,45,False,5388272446,6,6,Team Liquid
1877,129,False,5388272446,7,7,Team Secret
1878,79,True,5388272446,8,8,Team Liquid
1879,66,True,5388272446,9,9,Team Secret
1880,126,True,5388272446,10,10,Team Secret
1881,106,True,5388272446,11,11,Team Liquid
1882,49,False,5388272446,12,12,Team Liquid
1883,99,False,5388272446,13,13,Team Secret
1884,26,True,5388272446,14,14,Team Secret
1885,128,True,5388272446,15,15,Team Liquid
1886,102,True,5388272446,16,16,Team Secret
1887,96,True,5388272446,17,17,Team Liquid
1888,114,False,5388272446,18,18,Team Secret
1889,43,False,5388272446,19,19,Team Liquid
1890,72,True,5388272446,20,20,Team Liquid
1891,73,True,5388272446,21,21,Team Secret
1892,120,False,5388124313,0,0,Team Liquid
1893,98,False,5388124313,1,1,Team Secret
1894,7,False,5388124313,2,2,Team Liquid
1895,90,False,5388124313,3,3,Team Secret
1896,45,False,5388124313,4,4,Team Liquid
1897,65,False,5388124313,5,5,Team Secret
1898,36,False,5388124313,6,6,Team Liquid
1899,106,False,5388124313,7,7,Team Secret
1900,79,True,5388124313,8,8,Team Liquid
1901,58,True,5388124313,9,9,Team Secret
1902,100,True,5388124313,10,10,Team Secret
1903,129,True,5388124313,11,11,Team Liquid
1904,95,False,5388124313,12,12,Team Liquid
1905,43,False,5388124313,13,13,Team Secret
1906,126,True,5388124313,14,14,Team Secret
1907,110,True,5388124313,15,15,Team Liquid
1908,53,True,5388124313,16,16,Team Secret
1909,80,True,5388124313,17,17,Team Liquid
1910,114,False,5388124313,18,18,Team Secret
1911,12,False,5388124313,19,19,Team Liquid
1912,99,True,5388124313,20,20,Team Liquid
1913,25,True,5388124313,21,21,Team Secret
1914,99,False,5380279351,0,0,Nigma
1915,53,False,5380279351,1,1,Team Liquid
1916,77,False,5380279351,2,2,Nigma
1917,91,False,5380279351,3,3,Team Liquid
1918,98,False,5380279351,4,4,Nigma
1919,100,False,5380279351,5,5,Team Liquid
1920,111,False,5380279351,6,6,Nigma
1921,45,False,5380279351,7,7,Team Liquid
1922,106,True,5380279351,8,8,Nigma
1923,90,True,5380279351,9,9,Team Liquid
1924,129,True,5380279351,10,10,Team Liquid
1925,31,True,5380279351,11,11,Nigma
1926,119,False,5380279351,12,12,Nigma
1927,65,False,5380279351,13,13,Team Liquid
1928,79,True,5380279351,14,14,Team Liquid
1929,51,True,5380279351,15,15,Nigma
1930,80,True,5380279351,16,16,Team Liquid
1931,46,True,5380279351,17,17,Nigma
1932,55,False,5380279351,18,18,Team Liquid
1933,10,False,5380279351,19,19,Nigma
1934,112,True,5380279351,20,20,Nigma
1935,114,True,5380279351,21,21,Team Liquid
1936,99,False,5380165383,0,0,Nigma
1937,53,False,5380165383,1,1,Team Liquid
1938,98,False,5380165383,2,2,Nigma
1939,91,False,5380165383,3,3,Team Liquid
1940,77,False,5380165383,4,4,Nigma
1941,100,False,5380165383,5,5,Team Liquid
1942,111,False,5380165383,6,6,Nigma
1943,129,False,5380165383,7,7,Team Liquid
1944,106,True,5380165383,8,8,Nigma
1945,90,True,5380165383,9,9,Team Liquid
1946,121,True,5380165383,10,10,Team Liquid
1947,31,True,5380165383,11,11,Nigma
1948,2,False,5380165383,12,12,Nigma
1949,15,False,5380165383,13,13,Team Liquid
1950,49,True,5380165383,14,14,Team Liquid
1951,51,True,5380165383,15,15,Nigma
1952,95,True,5380165383,16,16,Team Liquid
1953,36,True,5380165383,17,17,Nigma
1954,82,False,5380165383,18,18,Team Liquid
1955,46,False,5380165383,19,19,Nigma
1956,45,True,5380165383,20,20,Nigma
1957,65,True,5380165383,21,21,Team Liquid
1958,98,False,5380053716,0,0,Nigma
1959,129,False,5380053716,1,1,Team Liquid
1960,77,False,5380053716,2,2,Nigma
1961,91,False,5380053716,3,3,Team Liquid
1962,121,False,5380053716,4,4,Nigma
1963,53,False,5380053716,5,5,Team Liquid
1964,99,False,5380053716,6,6,Nigma
1965,100,False,5380053716,7,7,Team Liquid
1966,90,True,5380053716,8,8,Nigma
1967,111,True,5380053716,9,9,Team Liquid
1968,106,True,5380053716,10,10,Team Liquid
1969,7,True,5380053716,11,11,Nigma
1970,43,False,5380053716,12,12,Nigma
1971,82,False,5380053716,13,13,Team Liquid
1972,119,True,5380053716,14,14,Team Liquid
1973,126,True,5380053716,15,15,Nigma
1974,95,True,5380053716,16,16,Team Liquid
1975,15,True,5380053716,17,17,Nigma
1976,10,False,5380053716,18,18,Team Liquid
1977,65,False,5380053716,19,19,Nigma
1978,41,True,5380053716,20,20,Nigma
1979,28,True,5380053716,21,21,Team Liquid
1980,53,False,5378776518,0,0,Team Liquid
1981,98,False,5378776518,1,1,Alliance
1982,43,False,5378776518,2,2,Team Liquid
1983,110,False,5378776518,3,3,Alliance
1984,79,False,5378776518,4,4,Team Liquid
1985,121,False,5378776518,5,5,Alliance
1986,129,False,5378776518,6,6,Team Liquid
1987,90,False,5378776518,7,7,Alliance
1988,111,True,5378776518,8,8,Team Liquid
1989,66,True,5378776518,9,9,Alliance
1990,100,True,5378776518,10,10,Alliance
1991,99,True,5378776518,11,11,Team Liquid
1992,8,False,5378776518,12,12,Team Liquid
1993,59,False,5378776518,13,13,Alliance
1994,36,True,5378776518,14,14,Alliance
1995,83,True,5378776518,15,15,Team Liquid
1996,11,True,5378776518,16,16,Alliance
1997,52,True,5378776518,17,17,Team Liquid
1998,80,False,5378776518,18,18,Alliance
1999,63,False,5378776518,19,19,Team Liquid
2000,65,True,5378776518,20,20,Team Liquid
2001,102,True,5378776518,21,21,Alliance
2002,53,False,5378677021,0,0,Team Liquid
2003,98,False,5378677021,1,1,Alliance
2004,43,False,5378677021,2,2,Team Liquid
2005,121,False,5378677021,3,3,Alliance
2006,79,False,5378677021,4,4,Team Liquid
2007,110,False,5378677021,5,5,Alliance
2008,96,False,5378677021,6,6,Team Liquid
2009,90,False,5378677021,7,7,Alliance
2010,111,True,5378677021,8,8,Team Liquid
2011,91,True,5378677021,9,9,Alliance
2012,129,True,5378677021,10,10,Alliance
2013,106,True,5378677021,11,11,Team Liquid
2014,93,False,5378677021,12,12,Team Liquid
2015,36,False,5378677021,13,13,Alliance
2016,66,True,5378677021,14,14,Alliance
2017,9,True,5378677021,15,15,Team Liquid
2018,99,True,5378677021,16,16,Alliance
2019,59,True,5378677021,17,17,Team Liquid
2020,65,False,5378677021,18,18,Alliance
2021,47,False,5378677021,19,19,Team Liquid
2022,49,True,5378677021,20,20,Team Liquid
2023,25,True,5378677021,21,21,Alliance
2024,43,False,5378573436,0,0,Team Liquid
2025,110,False,5378573436,1,1,Alliance
2026,53,False,5378573436,2,2,Team Liquid
2027,121,False,5378573436,3,3,Alliance
2028,79,False,5378573436,4,4,Team Liquid
2029,98,False,5378573436,5,5,Alliance
2030,96,False,5378573436,6,6,Team Liquid
2031,90,False,5378573436,7,7,Alliance
2032,106,True,5378573436,8,8,Team Liquid
2033,7,True,5378573436,9,9,Alliance
2034,39,True,5378573436,10,10,Alliance
2035,111,True,5378573436,11,11,Team Liquid
2036,72,False,5378573436,12,12,Team Liquid
2037,99,False,5378573436,13,13,Alliance
2038,66,True,5378573436,14,14,Alliance
2039,9,True,5378573436,15,15,Team Liquid
2040,67,True,5378573436,16,16,Alliance
2041,49,True,5378573436,17,17,Team Liquid
2042,10,False,5378573436,18,18,Alliance
2043,36,False,5378573436,19,19,Team Liquid
2044,80,True,5378573436,20,20,Team Liquid
2045,15,True,5378573436,21,21,Alliance
2046,120,False,5376173268,0,0,Team Liquid
2047,121,False,5376173268,1,1,Ninjas in Pyjamas
2048,45,False,5376173268,2,2,Team Liquid
2049,110,False,5376173268,3,3,Ninjas in Pyjamas
2050,111,False,5376173268,4,4,Team Liquid
2051,90,False,5376173268,5,5,Ninjas in Pyjamas
2052,62,False,5376173268,6,6,Team Liquid
2053,63,False,5376173268,7,7,Ninjas in Pyjamas
2054,106,True,5376173268,8,8,Team Liquid
2055,99,True,5376173268,9,9,Ninjas in Pyjamas
2056,79,True,5376173268,10,10,Ninjas in Pyjamas
2057,30,True,5376173268,11,11,Team Liquid
2058,95,False,5376173268,12,12,Team Liquid
2059,65,False,5376173268,13,13,Ninjas in Pyjamas
2060,26,True,5376173268,14,14,Ninjas in Pyjamas
2061,107,True,5376173268,15,15,Team Liquid
2062,129,True,5376173268,16,16,Ninjas in Pyjamas
2063,40,True,5376173268,17,17,Team Liquid
2064,8,False,5376173268,18,18,Ninjas in Pyjamas
2065,82,False,5376173268,19,19,Team Liquid
2066,44,True,5376173268,20,20,Team Liquid
2067,77,True,5376173268,21,21,Ninjas in Pyjamas
2068,120,False,5375966447,0,0,Team Liquid
2069,121,False,5375966447,1,1,Ninjas in Pyjamas
2070,45,False,5375966447,2,2,Team Liquid
2071,63,False,5375966447,3,3,Ninjas in Pyjamas
2072,111,False,5375966447,4,4,Team Liquid
2073,110,False,5375966447,5,5,Ninjas in Pyjamas
2074,99,False,5375966447,6,6,Team Liquid
2075,90,False,5375966447,7,7,Ninjas in Pyjamas
2076,106,True,5375966447,8,8,Team Liquid
2077,62,True,5375966447,9,9,Ninjas in Pyjamas
2078,79,True,5375966447,10,10,Ninjas in Pyjamas
2079,100,True,5375966447,11,11,Team Liquid
2080,65,False,5375966447,12,12,Team Liquid
2081,77,False,5375966447,13,13,Ninjas in Pyjamas
2082,64,True,5375966447,14,14,Ninjas in Pyjamas
2083,30,True,5375966447,15,15,Team Liquid
2084,95,True,5375966447,16,16,Ninjas in Pyjamas
2085,10,True,5375966447,17,17,Team Liquid
2086,40,False,5375966447,18,18,Ninjas in Pyjamas
2087,82,False,5375966447,19,19,Team Liquid
2088,78,True,5375966447,20,20,Team Liquid
2089,34,True,5375966447,21,21,Ninjas in Pyjamas
2090,100,False,5360122797,0,0,Natus Vincere
2091,53,False,5360122797,1,1,Team Liquid
2092,63,False,5360122797,2,2,Natus Vincere
2093,43,False,5360122797,3,3,Team Liquid
2094,110,False,5360122797,4,4,Natus Vincere
2095,90,False,5360122797,5,5,Team Liquid
2096,129,False,5360122797,6,6,Natus Vincere
2097,106,False,5360122797,7,7,Team Liquid
2098,45,True,5360122797,8,8,Natus Vincere
2099,121,True,5360122797,9,9,Team Liquid
2100,49,True,5360122797,10,10,Team Liquid
2101,126,True,5360122797,11,11,Natus Vincere
2102,88,False,5360122797,12,12,Natus Vincere
2103,15,False,5360122797,13,13,Team Liquid
2104,107,True,5360122797,14,14,Team Liquid
2105,62,True,5360122797,15,15,Natus Vincere
2106,65,True,5360122797,16,16,Team Liquid
2107,93,True,5360122797,17,17,Natus Vincere
2108,2,False,5360122797,18,18,Team Liquid
2109,1,False,5360122797,19,19,Natus Vincere
2110,120,True,5360122797,20,20,Natus Vincere
2111,73,True,5360122797,21,21,Team Liquid
2112,53,False,5359992382,0,0,Team Liquid
2113,90,False,5359992382,1,1,Natus Vincere
2114,43,False,5359992382,2,2,Team Liquid
2115,63,False,5359992382,3,3,Natus Vincere
2116,38,False,5359992382,4,4,Team Liquid
2117,98,False,5359992382,5,5,Natus Vincere
2118,96,False,5359992382,6,6,Team Liquid
2119,106,False,5359992382,7,7,Natus Vincere
2120,100,True,5359992382,8,8,Team Liquid
2121,110,True,5359992382,9,9,Natus Vincere
2122,129,True,5359992382,10,10,Natus Vincere
2123,8,True,5359992382,11,11,Team Liquid
2124,93,False,5359992382,12,12,Team Liquid
2125,121,False,5359992382,13,13,Natus Vincere
2126,111,True,5359992382,14,14,Natus Vincere
2127,126,True,5359992382,15,15,Team Liquid
2128,114,True,5359992382,16,16,Natus Vincere
2129,87,True,5359992382,17,17,Team Liquid
2130,17,False,5359992382,18,18,Natus Vincere
2131,73,False,5359992382,19,19,Team Liquid
2132,80,True,5359992382,20,20,Team Liquid
2133,46,True,5359992382,21,21,Natus Vincere
2134,53,False,5357895815,0,0,Team Liquid
2135,90,False,5357895815,1,1,Ninjas in Pyjamas
2136,126,False,5357895815,2,2,Team Liquid
2137,110,False,5357895815,3,3,Ninjas in Pyjamas
2138,96,False,5357895815,4,4,Team Liquid
2139,106,False,5357895815,5,5,Ninjas in Pyjamas
2140,120,False,5357895815,6,6,Team Liquid
2141,100,False,5357895815,7,7,Ninjas in Pyjamas
2142,63,True,5357895815,8,8,Team Liquid
2143,129,True,5357895815,9,9,Ninjas in Pyjamas
2144,86,True,5357895815,10,10,Ninjas in Pyjamas
2145,121,True,5357895815,11,11,Team Liquid
2146,93,False,5357895815,12,12,Team Liquid
2147,65,False,5357895815,13,13,Ninjas in Pyjamas
2148,5,True,5357895815,14,14,Ninjas in Pyjamas
2149,78,True,5357895815,15,15,Team Liquid
2150,4,True,5357895815,16,16,Ninjas in Pyjamas
2151,8,True,5357895815,17,17,Team Liquid
2152,80,False,5357895815,18,18,Ninjas in Pyjamas
2153,114,False,5357895815,19,19,Team Liquid
2154,49,True,5357895815,20,20,Team Liquid
2155,46,True,5357895815,21,21,Ninjas in Pyjamas
2156,106,False,5357767106,0,0,Ninjas in Pyjamas
2157,53,False,5357767106,1,1,Team Liquid
2158,61,False,5357767106,2,2,Ninjas in Pyjamas
2159,126,False,5357767106,3,3,Team Liquid
2160,110,False,5357767106,4,4,Ninjas in Pyjamas
2161,90,False,5357767106,5,5,Team Liquid
2162,100,False,5357767106,6,6,Ninjas in Pyjamas
2163,65,False,5357767106,7,7,Team Liquid
2164,66,True,5357767106,8,8,Ninjas in Pyjamas
2165,63,True,5357767106,9,9,Team Liquid
2166,129,True,5357767106,10,10,Team Liquid
2167,49,True,5357767106,11,11,Ninjas in Pyjamas
2168,68,False,5357767106,12,12,Ninjas in Pyjamas
2169,73,False,5357767106,13,13,Team Liquid
2170,121,True,5357767106,14,14,Team Liquid
2171,86,True,5357767106,15,15,Ninjas in Pyjamas
2172,114,True,5357767106,16,16,Team Liquid
2173,20,True,5357767106,17,17,Ninjas in Pyjamas
2174,12,False,5357767106,18,18,Team Liquid
2175,98,False,5357767106,19,19,Ninjas in Pyjamas
2176,95,True,5357767106,20,20,Ninjas in Pyjamas
2177,80,True,5357767106,21,21,Team Liquid
